00:25,Victoria,Pass,EMU,OFF MAP,S00.25:1,P00.28:3,S00.31:5,S00.35:7,S00.38:10,S00.40:11,S00.46:13,T00.48:16,,,,,,,,,,,,,,,,,,,
00:40,SnodLand,Goods,T2-6-4,Snowdown,S02.35:35,P02.40:38,P02.45:40,P02.50:41,S03.07:42,P03.25:48,S03.50:52,P04.30:68,T04.50:72,,,,,,,,,,,,,,,,,,
00:56,Queen Borough,Goods,C0-6-0,Faversham,P01.35:508,P01.37:202,S02.26:47,S02.55:49,S00.56:77,S01.25:79,,,,,,,,,,,,,,,,,,,,,
01:00,BLA,Goods,N2-6-0,Queenborough,P01.39:26,P01.49:27,P02.11:32,P02.23:35,S03.45:36,P03.47:38,P04.16:508,,,,,,,,,,,,,,,,,,,,
01:10,BLA,Goods,N2-6-0,Ramsgate,P01.58:26,P02.06:27,P02.29:32,P02.43:38,S02.53:39,S03.25:41,P03.45:48,S04.20:51,P04.41:56,S06.50:62,T07.00:65,,,,,,,,,,,,,,,,
01:15,Holbourn V,Pass,EMU,Orpington,S00.43:19,S00.46:21,S00.49:23,T00.50:24,,,,,,,,,,,,,,,,,,,,,,,
01:20,Holbourn V,Pass,EMU,Orpington,S01.35:7,S01.37:10,S01.42:12,S01.44:13,S01.48:16,S01.51:18,S01.53:20,S01.56:22,T01.57:24,,,,,,,,,,,,,,,,,,
01:25,Chatham,Goods,C0-6-0,Gillingham,S01.25:36,P01.27:38,S01.40:39,T01.50:201,,,,,,,,,,,,,,,,,,,,,,,
01:35,Herne Hill,Goods,,Faversham,S01.35:7,P01.57:16,P02.03:19,P02.07:21,P02.14:23,P02.21:26,P02.29:27,P02.54:32,S03.24:36,S03.44:41,S04.30:47,T04.45:51,,,,,,,,,,,,,,,
01:50,Herne Hill,Goods,,Farningham Rd,S01.50:7,P02.12:16,P02.18:19,P02.22:21,P02.29:23,P02.32:26,S02.57:27,T03.07:29,,,,,,,,,,,,,,,,,,,
01:51,Holbourn V,Pass,EMU,Orpington,S02.19:18,S02.23:20,S02.26:22,T02.28:24,,,,,,,,,,,,,,,,,,,,,,,
02:20,Blackfriars,Pass,EMU,Orpington,S02.30:8,S02.33:10,S02.38:12,S02.40:14,S02.42:16,S02.46:19,S02.48:21,S02.51:23,T02.52:24,,,,,,,,,,,,,,,,,,
02:50,Herne Hill,Goods,C0-6-0,OFF MAP,S02.50:7,S04.08:200,P04.15:16,P04.20:19,T04.25:21,,,,,,,,,,,,,,,,,,,,,,
03:00,Holbourn V,Pass,EI4-4-0,Ramsgate,P04.17:35,S04.19:38,S04.25:40,S04.30:41,S04.45:48,S04.59:52,S05.12:54,S05.23:56,S05.35:59,S05.41:60,S05.54:61,S06.00:63,S06.07:64,T06.10:66,,,,,,,,,,,,,
03:10,Hither Green,Goods,C0-6-0,Ashford,P03.34:26,T03.44:28,,,,,,,,,,,,,,,,,,,,,,,,,
03:15,Holbourn V,Pass,EMU,Orpington,S03.28:8,S03.30:10,S03.35:12,S03.37:13,S03.39:16,S03.42:18,S03.45:20,S03.48:22,T03.50:24,,,,,,,,,,,,,,,,,,
03:30,Victoria,Parcels,BRS4-6-0,Ramsgate,S03.30:1,P03.40:8,P03.50:16,P03.58:23,P03.59:26,P04.05:27,P04.27:34,P04.31:35,S04.46:37,S04.54:39,S05.03:41,S05.20:202,S05.46:54,S06.13:56,S06.25:59,S06.34:60,S07.10:62,S07.17:63,T07.31:65,,,,,,,,
03:58,Chatham,Goods,N2-6-0,Deal,S03.58:36,P04.01:38,P04.05:40,P04.10:41,S04.50:203,P04.56:43,S05.40:202,P05.46:50,S05.55/07.40:51,P08.00:56,P08.25:59,P08.39:60,P08.44:61,T09.05:66,,,,,,,,,,,,,
04:05,Hither Green,Goods,C0-6-0,Gravesend,S04.38:26,S05.03:29,S05.15:30,S05.33:31,,,,,,,,,,,,,,,,,,,,,,,
04:21,Strood,News,H0-4-4T,Gillingham,P04.23:35,S04.27:38,S04.35:40,T04.39:201,,,,,,,,,,,,,,,,,,,,,,,
04:50,Holbourn V,Pass,EMU,Orpington,S05.03:8,S05.05:10,S05.08:11,S05.11:12,S05.13:14,S05.17:16,S05.21:19,S05.24/05.26:20,T05.31:26,,,,,,,,,,,,,,,,,,
04:52,Victoria,Pass,EMU,??,S04.52:1,P04.58:8,T05.00:10,,,,,,,,,,,,,,,,,,,,,,,,
05:00,Charing Cross,Pass,EMU,Gillingham,P06.23:35,S06.25:38,S06.28/06.30:40,T06.33:201,,,,,,,,,,,,,,,,,,,,,,,
05:00,Holbourn V,Pass,EMU,Sevenoaks,S05.29:18,S05.32:20,S05.35:22,S05.40:26,T05.45:28,,,,,,,,,,,,,,,,,,,,,,
05:05,Faversham,Pass,U-2-6-0,Dover,S05.05:52,S05.26:68,S05.36:70,S05.42:72,S05.47:73,S05.55:74,T06.00:75,,,,,,,,,,,,,,,,,,,,
05:10,Victoria,Pass,BRS4-6-0,Ramsgate,S05.10:1,S05.22:8,P05.31:16,P05.33:19,S05.35/05.40:21,P05.45:23,S05.55:27,S06.18:32,P06.23:34,P06.27:35,S06.28/06.31:38,S06.33/06.38:40,S06.42/06.44:41,S06.51:42,S06.57:43,S07.03/07.06:48,S07.13:50,S07.21/07.29:52,S07.39:54,S07.47:55,S07.52/07.55:56,S08.07:59,S08.13:60,S08.19/08.24:61,S08.32:63,S08.39:64,T08.42:66
05:12,Margate,Pass,L4-4-0,Canterbury,S05.12:61,S05.22:63,S05.26:64,T05.29:66,,,,,,,,,,,,,,,,,,,,,,,
05:20,Gillingham,Goods,C0-6-0,Murston,S05.20:41,S05.26/06.15:203,S06.23/07.05:43,S07.15/07.25:47,T07.35:50,,,,,,,,,,,,,,,,,,,,,,
05:23,Herne Hill,Goods,N2-6-0,Sole street,S05.23:7,P05.45:16,P05.50:19,P06.09:26,P06.17:27,S06.42/07.40:204,P07.50:35,S08.00/08.55:36,P08.57:37,P09.00:39,P09.08:41,T09.30:202,,,,,,,,,,,,,,,
05:24,Charing Cross,Pass,EMU,Gillingham,P06.39:35,S06.40/06.41:38,S06.43/06.45:40,T06.48:201,,,,,,,,,,,,,,,,,,,,,,,
05:27,Strood,Pass,EMU,Gillingham,P05.29:35,S05.31:38,S05.32/05.34:39,T05.37:201,,,,,,,,,,,,,,,,,,,,,,,
05:30,Hoo Junction,Goods,C0-6-0,Gillingham,P05.47:35,S05.50/07.16:36,P07.20:38,P07.24:40,P07.32:41,,,,,,,,,,,,,,,,,,,,,,
05:30,Margate,Pass,2-6-4T,Ashford,S05.30:61,S05.37:63,S05.41:64,T05.44:66,,,,,,,,,,,,,,,,,,,,,,,
05:31,Sheerness,Pass,T2-6-2,Sittingbourne,P05.51:508,P05.53:202,T05.54:47,S05.31:76,S05.37:77,S05.43:78,S05.47:80,,,,,,,,,,,,,,,,,,,,
05:37,Beck Junc,Pass,EMU,Orpington,S05.37:16,P05.41:19,S05.43/05.52:21,S05.55:23,P05.57:24,,,,,,,,,,,,,,,,,,,,,,
05:37,Cannon Street,Pass,EMU,Gillingham,P06.39:35,S06.40/06.41:38,S06.43/06.45:40,T06.48:201,,,,,,,,,,,,,,,,,,,,,,,
05:44,Victoria,Pass,EMU,Sevenoaks,S05.44:1,S05.50:5,S05.52:8,S05.55:10,S05.57:11,S06.00:12,S06.02:14,S06.04:16,S06.07:19,S06.08/06.09:21,S06.12:23,S06.17:26,T06.22:28,,,,,,,,,,,,,,
05:45,Chatham,Pass,T2-6-2,Faversham,S05.45:40,S05.50:41,S05.56:42,S06.02:43,S06.08/06.16:47,S06.23:50,T06.31:51,,,,,,,,,,,,,,,,,,,,
05:50,Cannon Street,Pass,E 4-4-0,Dover,P07.09:35,S07.10/07.11:38,S07.13/07.19:40,S07.23/07.25:41,S07.31:42,S07.37:43,S07.43/07.46:48,S07.54:50,S08.02/08.13:52,S08.20:67,S08.31/08.34:68,S08.40:69,S08.46:70,S08.50:71,S08.54:72,S08.59:73,S09.06:74,T09.11:75,,,,,,,,,
05:51,Holbourn V,Pass,EMU,Orpington,S06.20:19,S06.21/06.22:21,S06.25:23,T06.27:24,,,,,,,,,,,,,,,,,,,,,,,
06:00,Holbourn V,Pass,EMU,Maidstone,P06.12:6,S06.22:16,S06.26/06.28:21,P06.31:23,P06.32:26,S06.37:27,T06.39:28,,,,,,,,,,,,,,,,,,,,
06:09,Cannon St,Pass,EMU,Gillingham,P07.30:35,S07.31/07.32:38,S07.34/07.36:40,T07.39:201,,,,,,,,,,,,,,,,,,,,,,,
06:10,Strood,Pass,EMU,Gillingham,P06.12:35,S06.14:37,S06.18:39,T06.21:201,,,,,,,,,,,,,,,,,,,,,,,
06:11,Holbourn V,Pass,EMU,Sevenoaks,S06.39:18,S06.41/06.42:20,S06.45:22,S06.50:26,S06.45:28,,,,,,,,,,,,,,,,,,,,,,
06:14,Faversham,Pass,T2-6-4,Dover,S06.14:52,S06.21:67,S06.32/06.38:68,S06.45:69,S06.52:70,S06.56:71,S07.00:72,S07.06:73,S07.15:74,T07.20:75,,,,,,,,,,,,,,,,,
06:20,Canterbury E,Pass,T2-6-4,Folkstone,S06.20:68,S06.26:69,S06.32:70,S06.36:71,S06.40:72,S06.46:73,S06.53:74,T06.58:75,,,,,,,,,,,,,,,,,,,
06:24,Victoria,Pass,EMU,Orpington,S06.24:1,S06.30:5,S06.32:8,S06.35:10,S06.37:11,S06.40:12,S06.42:14,S06.44:16,S06.47:19,S06.48/06.49:21,S06.52:23,T06.54:24,,,,,,,,,,,,,,,
06:25,Faversham,Goods,N2-6-0,Snowdown,S06.25:51,P07.00:68,T07.25:72,,,,,,,,,,,,,,,,,,,,,,,,
06:25,Holbourn V,Pass,EMU,Orpington,S06.37:7,S06.39:10,S06.41:11,S06.44:12,S06.46:13,S06.48:16,S06.51:19,S06.53/06.54:21,S06.57:23,T06.59:24,,,,,,,,,,,,,,,,,
06:31,Holbourn V,Pass,EMU,Sevenoaks,S06.59:18,S07.01/07.02:20,S07.05:22,S07.10:26,T07.15:28,,,,,,,,,,,,,,,,,,,,,,
06:35,Sheerness,Pass,T2-6-2,Sittingbourne,P06.53:508,P06.54:202,T06.55:47,,,,,,,,,,,,,,,,,,,,,,,,
06:36,Cannon Street,Pass,EMU,Gillingham,P07.52:35,S07.53/07.54:37,S07.56/07.58:39,T08.01:201,,,,,,,,,,,,,,,,,,,,,,,
06:40,Faversham,Goods,N2-6-0,Dover,S06.40:51,S06.56/07.20:67,S07.37/08.45:68,S08.55/09.15:69,S09.25/10.15:70,S10.25/11.35:73,T11.55:75,,,,,,,,,,,,,,,,,,,,
06:40,Victoria,Pass,EMU,Chatham,S06.40:1,P06.45:5,S06.48:8,P06.55:16,P06.57:19,S07.00/07.01:21,P07.04:23,P07.05:26,S07.10:27,S07.15:29,S07.20:30,S07.24:31,S07.27:32,P07.32:34,P07.35:35,S07.36/07.37:38,T07.39:39,,,,,,,,,,
06:44,Victoria,Pass,EMU,Orpington,S06.44:1,S06.50:5,S06.52:8,S06.54:10,S06.56:11,S07.00:12,S07.02:14,S07.04:16,S07.06:19,S07.08/07.09:21,S07.12:23,T07.14:24,,,,,,,,,,,,,,,
06:46,Holbourn V,Pass,EMU,Orpington,S06.57:7,S07.00:10,S07.02:11,S07.05:12,S07.07:14,S07.09:16,S07.12:19,S07.14/07.15:21,S07.18:23,T07.19:24,,,,,,,,,,,,,,,,,
06:50,Farningham Rd,Goods,C0-6-0,???,S06.50:29,S07.00/08.02:30,S08.12/08.50:31,S08.55/09.25:204,P09.45:35,S09.50/10.55:36,P10.57:37,P11.00:39,T11.07:201,,,,,,,,,,,,,,,,,,
06:51,Holbourn V,Pass,EMU,Sevenoaks,S07.20:18,S07.21/07.22:20,S07.25:22,S07.30:26,T07.35:28,,,,,,,,,,,,,,,,,,,,,,
07:00,Cannon Street,Pass,EMU,Ramsgate,P08.17:35,S08.18/08.20:38,S08.22/08.28:40,S08.32/08.34:41,S08.40:42,S08.46:43,S08.52/08.55:48,S09.02:50,S09.10/09.13:52,S09.23:54,S09.30:55,S09.35/09.37:56,S09.49:59,S09.54:60,S09.59/10.02:61,S10.09:63,S10.14:64,T10.18:66,,,,,,,,,
07:03,Margate,XP,V4-4-0,Cannon St,S07.03:61,S07.09:63,S07.14:64,T07.17:65,,,,,,,,,,,,,,,,,,,,,,,
07:04,Holbourn V,Pass,EMU,Orpington,S07.32:14,S07.35:16,S07.38:19,S07.39/07.40:21,S07.43:23,T07.45:24,,,,,,,,,,,,,,,,,,,,,
07:04,Victoria,Pass,EMU,Orpington,S07.04:1,S07.09:5,S07.12:8,S07.14:10,S07.16:11,S07.20:12,S07.02:14,S07.24:16,S07.27:19,S07.28/07.29:21,S07.33:23,T07.34:24,,,,,,,,,,,,,,,
07:10,Charing Cross,Pass,EMU,Gillingham,P08.28:35,S08.29/08.30:38,S08.32/08.34:40,T08.37:201,,,,,,,,,,,,,,,,,,,,,,,
07:11,Holbourn V,Pass,EMU,Sevenoaks,S07.40:18,S07.41/07.42:20,S07.45:22,S07.50:26,T07.55:28,,,,,,,,,,,,,,,,,,,,,,
07:18,Victoria,Pass,EMU,Gillingham,S07.18:1,P07.23:5,P07.25:8,P07.31:16,P07.33:19,S07.34/07.35:21,P07.36:23,P07.39:26,S07.47:27,S07.52:29,S07.57:30,S08.01:31,S08.04:32,P08.09:34,P08.12:35,S08.13/08.14:38,S08.16/08.20:40,T08.23:201,,,,,,,,,
07:22,Sheerness,Pass,2-6-2T,Sittingbourne,P07.37:508,P07.38:202,T07.39:47,,,,,,,,,,,,,,,,,,,,,,,,
07:24,Victoria,Pass,EMU,Orpington,S07.24:1,S07.29:5,S07.32:8,S07.34:10,S07.36:11,S07.39:12,S07.41:13,S07.43:16,S07.46:19,S07.49/05.51:21,S07.54:23,T07.55:24,,,,,,,,,,,,,,,
07:31,Holbourn V,Pass,EMU,Sevenoaks,S07.59:18,S08.01/08.02:20,S08.05:22,S08.10:26,T08.15:28,,,,,,,,,,,,,,,,,,,,,,
07:36,Margate,Pass,WC,Charing Cross,S07.36:61,S07.43:63,S07.47:64,T07.50:66,,,,,,,,,,,,,,,,,,,,,,,
07:37,Faversham,Pass,2-6-4T,Dover,S07.37:52,S07.44:67,S07.55/08.09:68,S08.15:69,S08.21:70,S08.25:71,S08.29:72,S08.35:73,S08.42:74,T08.47:75,,,,,,,,,,,,,,,,,
07:40,Chatham,Pass,H0-4-4T,Sittingbourne,S07.40:39,S07.44/07.46:41,S07.52:42,S07.58:203,T08.04:47,,,,,,,,,,,,,,,,,,,,,,
07:40,Victoria,Pass,EMU,Orpington,S07.40:1,S07.45:5,S07.48:8,S07.55:16,P07.58:19,S08.00/08.01:21,S08.04:23,T08.06:24,,,,,,,,,,,,,,,,,,,
07:42,Charing Cross,Pass,EMU,Gillingham,P08.39:35,S08.41/08.42:38,S08.44/08.45:40,T08.48:201,,,,,,,,,,,,,,,,,,,,,,,
07:44,Victoria,Pass,EMU,Orpington,S07.44:1,S07.49:5,S07.52:8,S07.54:10,S07.56:11,S07.59:12,S08.01:14,S08.03:16,S08.06:19,S08.08/08.09:21,S08.13:23,T08.14:24,,,,,,,,,,,,,,,
07:49,Holbourn V,Pass,EMU,Bickley,S08.00:7,S08.04:11,S08.07:12,S08.09:13,S08.11:16,S08.14:18,S08.16/08.17:20,T08.20:22,,,,,,,,,,,,,,,,,,,
07:51,Holbourn V,Pass,EMU,Sevenoaks,S08.21:19,S08.22/08.23:21,S08.26:23,S08.31:26,T08.36:28,,,,,,,,,,,,,,,,,,,,,,
07:55,Sheerness,Pass,C0-6-0,Sittingbourne,P08.13:508,P08.14:202,T08.15:47,S07.55:76,S08.02:77,,,,,,,,,,,,,,,,,,,,,,
07:57,Cannon Street,Pass,EMU,Gillingham,P09.07:35,S09.09/09.10:37,S09.11/09.13:40,T09.16:201,,,,,,,,,,,,,,,,,,,,,,,
07:58,Margate,Pass,L4-4-0,Hastings,S07.58:61,S08.05:63,S08.09:64,T08.12:66,,,,,,,,,,,,,,,,,,,,,,,
08:04,Victoria,Pass,EMU,Orpington,S08.04:1,S08.09:5,S08.12:8,S08.14:10,S08.16:11,S08.19:12,S08.21:14,S08.23:16,S08.26:19,S08.28/08.29:21,S08.32:23,T08.34:24,,,,,,,,,,,,,,,
08:08,Faversham,Pass,L4-4-0,Margate,S08.08:51,S08.18:54,S08.24:55,S08.29/08.30:56,S08.42:59,S08.48:60,T08.54:62,,,,,,,,,,,,,,,,,,,,
08:10,Holbourn V,Pass,EMU,Swanley,S08.39:18,S08.41/08.42:20,S08.45:22,S08.50:26,T08.55:27,,,,,,,,,,,,,,,,,,,,,,
08:10,Margate,Pass,T2-6-4,Ashford,S08.10:61,S08.17:63,S08.21:64,T08.24:66,,,,,,,,,,,,,,,,,,,,,,,
08:18,Holbourn V,Pass,EMU,Bickley,P08.28:8,P08.35:16,P08.37:19,T08.42:22,,,,,,,,,,,,,,,,,,,,,,,
08:18,Victoria,Pass,EMU,Gillingham,S08.18:1,P08.23:5,P08.25:8,P08.31:16,P08.33:19,S08.34/08.35:21,P08.38:23,S08.47:27,S08.52:29,S08.57:30,S09.01:31,S09.04:32,P09.09:34,P09.12:35,S09.13/09.14:38,S09.16/09.18:40,T09.21:201,,,,,,,,,,
08:22,Sheerness,Pass,2-6-2T,Sittingbourne,P08.40:508,P08.41:202,T08.42:47,S08.22:76,S08.27:77,S08.33:78,,,,,,,,,,,,,,,,,,,,,
08:24,Victoria,Pass,EMU,Orpington,S08.24:1,S08.29:5,S08.32:8,S08.34:10,S08.36:11,S08.39:12,S08.41:13,S08.43:16,S08.46:18,S08.49/08.49:20,S08.53:22,T08.55:24,,,,,,,,,,,,,,,
08:30,Holbourn V,Pass,EMU,Sevenoaks,S08.59:19,S09.01/09.02:21,S09.05:23,S09.10:26,T09.15:28,,,,,,,,,,,,,,,,,,,,,,
08:35,Victoria,XP,BRS4-6-0,Ramsgate,S08.35:1,P08.44:8,P08.52:16,P08.54:19,S08.55/08.57:21,P09.08:27,P09.18:32,P09.23:34,P09.27:35,S09.29/09.32:40,P09.35:41,P09.45:48,P09.53:52,S10.02:54,S10.11/10.14:56,S10.26:59,S10.31:60,S10.37/10.40:61,S10.48:63,S10.52:64,T10.56:66,,,,,,
08:35,Victoria,Pass,L4-4-0,Dover,S09.38:40,S09.42/09.43:41,S09.55/10.00:202,S10.11/10.14:52,S10.21:67,S10.32/10.34:68,S10.40:69,S10.46:70,S10.50:71,S10.54:72,S10.59:73,S11.06:74,T11.11:75,,,,,,,,,,,,,,
08:40,Hoo Junction,Goods,C0-6-0,??,P08.54:35,S09.02/09.55:36,P09.57:38,P10.00:40,P10.07:41,P10.25:43,P10.30:510,P10.32:508,T10.49:77,P10.36:80,,,,,,,,,,,,,,,,,
08:42,Charing Cross,Pass,EMU,Gillingham,P09.38:35,S09.40/09.41:38,S09.43/09.44:40,T09.47:201,,,,,,,,,,,,,,,,,,,,,,,
08:44,Victoria,Pass,EMU,Orpington,S08.44:1,S08.49:5,S08.52:8,S08.54:10,S08.56:11,S08.59:12,S09.01:14,S09.03:16,S09.06:19,S09.08/09.09:20,S09.12:23,T09.13:24,,,,,,,,,,,,,,,
08:48,Holbourn V,Pass,EMU,Orpington,S09.10:19,S09.12/09.13:21,S09.18:23,T09.20:24,,,,,,,,,,,,,,,,,,,,,,,
08:52,Cannon Street,Pass,EMU,Chatham,P10.08:35,S10.09/10.10:38,T10.12:40,,,,,,,,,,,,,,,,,,,,,,,,
08:53,Blackfriars,Pass,EMU,Sevenoaks,S09.19:18,S09.21/09.22:20,S09.25:22,S09.30:26,T09.35:28,,,,,,,,,,,,,,,,,,,,,,
08:57,Holbourn V,Pass,EMU,Bickley Junction,S09.24:18,S09.26/09.27:20,T09.30:22,,,,,,,,,,,,,,,,,,,,,,,,
09:00,Victoria,Boat,MN,Dover,S09.00:1,P09.07:5,P09.09:8,P09.17:16,P09.19:19,T09.23:23,,,,,,,,,,,,,,,,,,,,,
09:03,Blackfriars,Pass,EMU,Bickley,S09.31:18,S09.33/09.37:20,T09.40:22,,,,,,,,,,,,,,,,,,,,,,,,
09:04,Victoria,Pass,EMU,Orpington,S09.04:1,S09.09:5,S09.12:8,S09.14:10,S09.16:11,S09.19:12,S09.21:14,S09.23:16,S09.26:19,S09.29/09.29:21,S09.32:23,T09.34:24,,,,,,,,,,,,,,,
09:05,Charing Cross,Pass,EMU,Gillingham,P11.08:35,S11.09/11.10:38,S11.12/11.14:40,T11.17:201,,,,,,,,,,,,,,,,,,,,,,,
09:11,Blackfriars,Pass,EMU,Sevenoaks,S09.39:19,S09.41/09.42:21,S09.45:23,S09.50:26,T09.55:28,,,,,,,,,,,,,,,,,,,,,,
09:18,Faversham,Pass,D4-4-0,Dover,S09.18:51,S09.25:67,S09.36/09.38:68,S09.44:69,S09.50:70,S09.54:71,S09.58:72,S10.03:73,S10.10:74,T10.15:75,,,,,,,,,,,,,,,,,
09:18,Margate,Pass,L4-4-0,Ashford,S09.18:61,S09.27:63,S09.31:64,T09.34:66,,,,,,,,,,,,,,,,,,,,,,,
09:18,Victoria,Pass,EMU,Gillingham,S09.18:1,P09.23:5,P09.25:8,P09.31:16,P09.32:19,S09.34/09.35:21,P09.38:23,S09.47:27,S09.52:29,S09.57:205,S10.01:31,S10.04:32,P10.09:34,P10.12:35,S10.13/10.14:38,S10.16/10.18:40,T10.21:201,,,,,,,,,,
09:24,Victoria,Pass,EMU,Orpington,S09.24:1,S09.29:5,S09.32:8,S09.34:10,S09.36:11,S09.39:12,S09.41:14,S09.43:16,S09.46:19,S09.49:21,S09.52:23,T09.54:24,,,,,,,,,,,,,,,
09:30,Holbourn V,Pass,EMU,Sevenoaks,S09.39:18,S09.41/09.42:20,S09.45:22,S09.50:26,,,,,,,,,,,,,,,,,,,,,,,
09:35,Victoria,XP,BRS4-6-0,Ramsgate,S09.35:1,S09.44:8,P09.52:16,P09.55:19,S09.56/09.57:21,P10.02:23,P10.08:27,P10.18:32,P10.23:34,P10.27:35,S10.29/10.31:40,S10.35/10.36:41,S10.48/10.50:48,S11.01/11.03:52,S11.13:54,S11.18:55,S11.24/11.26:56,S11.38:59,S11.43:60,S11.48/11.50:61,S11.58:63,S12.02:64,S12.06:65,,,,
09:38,Sheerness,Pass,H0-4-4T,Sittingbourne,P09.56:508,P09.57:202,T09.58:47,S09.38:76,S09.45:77,S09.49:78,S09.53:80,,,,,,,,,,,,,,,,,,,,
09:40,Margate,XP,WC,Charing Cross,S09.40:61,S09.50:63,S09.54:64,T09.57:66,,,,,,,,,,,,,,,,,,,,,,,
09:40,Victoria,Pass,EMU,Orpington,S09.40:1,S09.46:5,S09.48:8,S09.59:19,S10.00/10.01:21,S10.04:23,T10.05:24,,,,,,,,,,,,,,,,,,,,
09:42,Charing Cross,Pass,EMU,Gillingham,P10.39:35,S10.40/10.41:38,S10.44/10.50:40,T10.53:201,,,,,,,,,,,,,,,,,,,,,,,
09:44,Victoria,Pass,EMU,Orpington,S09.44:1,S09.49:5,S09.52:8,S09.54:10,S09.56:11,S09.59:12,S10.01:14,S10.03:16,S10.06:19,S10.08/10.09:21,S10.12:23,T10.13:24,,,,,,,,,,,,,,,
09:47,Victoria,ECS,EMU,S.Hill,S09.47:1,P09.53:5,T09.54:9,,,,,,,,,,,,,,,,,,,,,,,,
09:51,Holbourn V,Pass,EMU,Sevenoaks,S10.19:18,S10.21/10.22:20,S10.25:22,S10.30:26,T10.35:28,,,,,,,,,,,,,,,,,,,,,,
09:54,Victoria,Pass,EMU,Herne Hill,S09.54:1,P10.00:5,T10.02:9,,,,,,,,,,,,,,,,,,,,,,,,
10:00,Victoria,Boat,MN,Dover,S10.00:1,P10.07:5,P10.09:8,P10.17:16,P10.19:19,P10.20:21,T10.22:24,,,,,,,,,,,,,,,,,,,,
10:04,Victoria,Pass,EMU,Orpington,S10.04:1,S10.09:5,S10.12:8,S10.14:10,S10.16:11,S10.19:12,S10.21:14,S10.23:16,S10.26:19,S10.28/10.29:21,S10.32:23,T10.33:24,,,,,,,,,,,,,,,
10:10,Margate,Pass,L4-4-0,Ashford,S10.10:61,S10.19:63,S10.23:64,T10.26:66,,,,,,,,,,,,,,,,,,,,,,,
10:10,Sheerness,Pass,2-6-2T,Sittingbourne,P10.29:202,T10.31:47,S10.10:76,S10.16:77,S10.25:80,P10.28:81,,,,,,,,,,,,,,,,,,,,,
10:11,Holbourn V,Pass,EMU,Sevenoaks,S10.39:18,S10.41/10.42:20,S10.45:22,S10.50:26,T10.55:28,,,,,,,,,,,,,,,,,,,,,,
10:18,Victoria,Pass,EMU,Gillingham,P10.31:16,S10.34/10.35:21,S10.47:27,S10.51:29,S10.56:205,S11.01:31,S11.04:32,P11.09:34,P11.12:35,S11.13/11.14:38,S11.16/11.18:40,T11.21:201,,,,,,,,,,,,,,,
10:24,Victoria,Pass,EMU,Orpington,S10.24:1,S10.29:5,S10.32:8,S10.34:10,S10.36:11,S10.39:12,S10.41:14,S10.43:16,S10.46:19,S10.48/10.49:21,S10.52:23,T10.53:24,,,,,,,,,,,,,,,
10:28,Hither Green,Goods,N2-6-0,Ashford,P10.51:25,P10.55:26,P11.03:27,T11.05:28,,,,,,,,,,,,,,,,,,,,,,,
10:31,Holbourn V,Pass,EMU,Sevenoaks,S10.59:18,S11.01/11.04:20,S11.07:22,S11.12:26,T11.17:28,,,,,,,,,,,,,,,,,,,,,,
10:35,Victoria,XP,BRS4-6-0,Ramsgate,S10.35:1,S10.46:8,P10.55:16,P10.57:19,S10.58/11.01:21,P11.06:23,P11.12:27,P11.22:32,P11.27:34,P11.31:35,P11.32:38,S11.33/11.35:40,P11.38:41,S11.49/11.51:48,S12.02/12.05:52,S12.15:54,S12.41:59,S12.46:60,S12.51/12.54:61,S13.02:63,S13.07:64,T13.10:66,,,,,
10:42,Charing Cross,Pass,EMU,Gillingham,P11.39:35,S11.40/11.41:38,S11.44/11.46:40,T11.49:201,,,,,,,,,,,,,,,,,,,,,,,
10:44,Victoria,Pass,EMU,Orpington,S10.44:1,S10.49:5,S10.52:8,S10.54:10,S10.56:11,S10.59:12,S11.01:14,S11.03:16,S11.06:19,S11.08/11.09:21,S11.12:23,T11.13:24,,,,,,,,,,,,,,,
10:46,Chatham,Pass,L4-4-0,Faversham,S10.46:40,S10.50/10.51:41,S10.55:42,S11.06/11.08:48,T11.19:52,,,,,,,,,,,,,,,,,,,,,,
10:50,Hither Green,Goods,N2-6-0,Faversham,P11.14:25,P11.18:26,P11.26:27,P11.32:29,S10.51/12.25:204,P12.35:34,P12.40:35,S12.45/13.59:36,P14.01:38,P14.03:40,P14.11:41,S14.32/14.48:202,T15.04:51,,,,,,,,,,,,,,
10:50,Margate,Light,C0-6-0,Ramsgate,S10.50:61,T11.00:65,,,,,,,,,,,,,,,,,,,,,,,,,
10:51,Holbourn V,Pass,EMU,Sevenoaks,P11.19:18,S11.21/11.22:20,S11.25:22,P11.30:26,T11.35:28,,,,,,,,,,,,,,,,,,,,,,
10:54,Herne Hill,Goods,N2-6-0,Ashford,S11.49:25,P12.03:27,,,,,,,,,,,,,,,,,,,,,,,,,
10:55,Cannon Street,Pass,EMU,Gillingham,P12.08:35,S12.09/12.10:38,S12.12/12.14:40,T12.17:201,,,,,,,,,,,,,,,,,,,,,,,
11:00,Holbourn V,Parcels,E 4-4-0,Ramsgate,P13.06:25,P13.12:27,P13.24:32,P13.29:34,P13.33:35,S13.34/13.38:37,P13.40:40,P13.43:41,S13.49:203,S14.20/14.33:51,S14.43/14.53:54,S15.00/15.06:56,S15.18/15.26:59,S15.30:60,S15.38/15.44:62,S15.51:63,T16.06:66,,,,,,,,,,
11:04,Victoria,Pass,EMU,Orpington,S11.04:1,S11.09:5,S11.12:8,S11.14:10,S11.16:11,S11.19:12,S11.21:14,S11.23:16,S11.26:19,S11.28/11.29:21,S11.32:23,T11.33:24,,,,,,,,,,,,,,,
11:11,Holbourn V,Pass,EMU,Sevenoaks,S11.39:19,S11.41/11.42:21,S11.45:23,S11.50:26,T11.55:28,,,,,,,,,,,,,,,,,,,,,,
11:18,Victoria,Pass,EMU,Gillingham,S11.18:1,P11.23:5,P11.25:8,P11.31:16,P11.33:19,S11.34/11.35:21,P11.38:23,S11.47:27,S11.52:29,S11.57:205,S12.01:31,S12.04:32,P12.09:34,P12.12:35,S12.13/12.14:38,S12.16/12.17:40,T12.20:201,,,,,,,,,,
11:24,Victoria,Pass,EMU,Orpington,S11.24:1,S11.29:5,S11.32:8,S11.34:10,S11.36:11,S11.39:12,S11.41:14,S11.43:16,S11.46:19,S11.48/11.49:21,S11.52:23,T11.53:24,,,,,,,,,,,,,,,
11:27,Margate,Light,2-6-2T,Ramsgate,S11.27:61,T11.43:65,,,,,,,,,,,,,,,,,,,,,,,,,
11:31,Holbourn V,Pass,EMU,Sevenoaks,S11.59:18,S12.01/12.02:20,S12.05:22,S12.10:26,T12.15:28,,,,,,,,,,,,,,,,,,,,,,
11:33,Queen Borough,Goods,C0-6-0,Dover,P12.04:508,P12.05:202,S12.09/13.00:49,S13.16/13.45:51,S11.33:77,S11.40/11.52:79,S11.56/11.59:80,,,,,,,,,,,,,,,,,,,,
11:35,Victoria,PullMan,BRS4-6-0,Ramsgate,S11.35:1,P11.34:8,P11.51:16,P11.55:19,S11.56/11.58:21,P12.03:23,P12.09:27,P12.19:32,P12.24:34,P12.28:35,P12.29:38,S12.30/12.33:40,S12.37/12.38:41,S12.50/12.52:48,S12.58:50,S13.07/13.10:52,S13.20:54,S13.29/13.31:56,S13.43:59,S13.48:60,S13.53/13.58:61,S14.06:63,S14.10:64,T14.14:66,,,
11:40,Faversham,Goods,N2-6-0,??,S11.40:51,S11.47/11.49:53,T11.57:54,,,,,,,,,,,,,,,,,,,,,,,,
11:42,Charing Cross,Pass,EMU,Gillingham,P12.39:35,S12.40/12.41:38,S12.43/12.46:40,T12.49:201,,,,,,,,,,,,,,,,,,,,,,,
11:44,Margate,Pass,4-4-0T,Hastings,S11.44:62,S11.52:63,S11.56:64,T11.59:66,,,,,,,,,,,,,,,,,,,,,,,
11:44,Victoria,Pass,EMU,Orpington,S11.44:1,S11.49:5,S11.52:8,S11.54:10,S11.56:11,S11.59:12,S12.01:14,S12.03:16,S12.06:19,S12.08/12.09:21,S12.12:23,T12.13:24,,,,,,,,,,,,,,,
11:51,Holbourn V,Pass,EMU,Sevenoaks,S12.19:18,S12.21/12.22:20,S12.25:22,S12.30:26,T12.35:28,,,,,,,,,,,,,,,,,,,,,,
11:56,Cannon Street,Pass,EMU,Gillingham,P13.08:35,S13.09/13.10:38,S13.12/13.13:40,T13.16:201,,,,,,,,,,,,,,,,,,,,,,,
12:04,Victoria,Pass,EMU,Orpington,S12.04:1,S12.09:5,S12.12:8,S12.14:10,S12.16:11,S12.19:12,S12.21:14,S12.23:16,S12.26:19,S12.28/12.29:21,S12.32:23,T12.33:24,,,,,,,,,,,,,,,
12:06,Faversham,Pass,2-6-2T,Dover,S12.06:51,S12.13:67,S12.25/12.27:68,S12.33:69,S12.39:70,S12.43:71,S12.47:72,S12.53:73,S13.02:74,T13.07:75,,,,,,,,,,,,,,,,,
12:11,Holbourn V,Pass,EMU,Sevenoaks,S12.39:19,S12.41/12.42:21,S12.45:23,S12.50:26,T12.55:28,,,,,,,,,,,,,,,,,,,,,,
12:13,Faversham,Goods,N2-6-0,Margate,S12.13:51,S12.37/13.45:57,P14.05:59,S14.10/14.49:60,T14.51:62,,,,,,,,,,,,,,,,,,,,,,
12:15,Hoo Junction,Goods,C0-6-0,Chatham Goods,P12.30:35,T12.35:36,,,,,,,,,,,,,,,,,,,,,,,,,
12:18,Sheerness,Pass,2-6-2T,Sittingbourne,P12.26:508,P12.27:202,T12.38:47,S12.18:76,S12.24:77,S12.29:78,S12.33:80,,,,,,,,,,,,,,,,,,,,
12:18,Victoria,Pass,EMU,Gillingham,S12.18:1,P12.23:5,P12.25:8,P12.31:16,P12.33:19,S12.34/12.35:21,P12.38:23,S12.47:27,S12.52:29,S12.57:205,S13.01:31,S13.04:32,P13.09:34,P13.12:35,S13.13/13.14:38,S13.16/13.18:40,T13.21:201,,,,,,,,,,
12:24,Victoria,Pass,EMU,Orpington,S12.24:1,S12.29:5,S12.32:8,S12.34:10,S12.36:11,S12.39:12,S12.41:14,S12.43:16,S12.46:19,S12.48/12.49:21,S12.52:23,T12.53:24,,,,,,,,,,,,,,,
12:25,Blackfriars,Goods,C0-6-0,Sole street,P15.11:25,P15.15:26,P15.23:27,P15.29:29,T15.48:204,,,,,,,,,,,,,,,,,,,,,,
12:30,Victoria,Boat,WC,Dover,S12.30:1,P12.37:4,P12.51:18,P12.52:20,T12.56:24,,,,,,,,,,,,,,,,,,,,,,
12:31,Holbourn V,Pass,EMU,Sevenoaks,S12.59:18,S13.01/13.02:20,S13.05:22,S13.10:26,T13.15:28,,,,,,,,,,,,,,,,,,,,,,
12:35,Victoria,XP,BRS4-6-0,Ramsgate,S12.35:1,P12.44:8,P12.52:16,P12.54:19,S12.55/12.57:21,P13.02:23,P13.08:27,P13.18:32,P13.23:34,P13.27:35,P13.28:38,S13.29/13.33:40,S13.36/13.38:41,S13.50/13.53:48,S13.59:50,S14.08/14.12:52,S14.22:54,S13.28:55,S14.34/14.37:56,S14.49:59,s14.55:60,S15.01/15.05:61,S15.13:63,S15.18:64,T15.22:66,,
12:36,Margate,XP,V4-4-0,Charing Cross,S12.36:61,S12.43:63,S12.47:64,T12.50:66,,,,,,,,,,,,,,,,,,,,,,,
12:42,Charing Cross,Pass,EMU,Gillingham,P13.39:35,S13.40/13.41:38,S13.43/13.46:40,T13.49:201,,,,,,,,,,,,,,,,,,,,,,,
12:44,Victoria,Pass,EMU,Orpington,S12.44:1,S12.49:5,S12.52:8,S12.54:10,S12.56:11,S12.59:12,S13.01:14,S13.03:16,S13.06:19,S13.08/13.09:21,S13.12:23,T13.13:24,,,,,,,,,,,,,,,
12:47,Hither Green,Goods,N2-6-0,Swanley,P13.11:25,P13.14:26,T13.22:28,,,,,,,,,,,,,,,,,,,,,,,,
12:51,Holbourn V,Pass,EMU,Sevenoaks,S13.19:18,S13.21/13.22:20,S13.25:22,S13.30:26,T13.35:28,,,,,,,,,,,,,,,,,,,,,,
12:55,Cannon Street,Pass,EMU,Gillingham,P14.08:35,S14.09/14.10:38,S14.12/14.13:40,T14.16:201,,,,,,,,,,,,,,,,,,,,,,,
13:00,Victoria,Boat,BR7,Dover,S13.00:1,P13.07:5,P13.08:8,P13.16:16,P13.18:19,P13.19:21,P13.22:24,,,,,,,,,,,,,,,,,,,,
13:04,Victoria,Pass,EMU,Orpington,S13.04:1,S13.09:5,S13.12:8,S13.14:10,S13.16:11,S13.19:12,S13.21:14,S13.23:16,S13.26:19,S13.28/13.29:21,S13.32:23,T13.33:24,,,,,,,,,,,,,,,
13:11,Holbourn V,Pass,EMU,Sevenoaks,S13.39:19,S13.41/13.42:21,S13.45:23,S13.50:26,T13.55:28,,,,,,,,,,,,,,,,,,,,,,
13:13,Faversham,Pass,L4-4-0,Dover,S13.13:51,S13.20:67,S13.31/13.33:68,S13.39:69,S13.45:70,S13.49:71,S13.53:72,S13.54:73,S14.05:74,T14.10:75,,,,,,,,,,,,,,,,,
13:18,Victoria,Pass,EMU,Gillingham,S13.18:1,P13.23:5,P13.25:8,P13.31:16,P13.33:19,S13.34/13.35:21,P13.38:23,S13.47:27,S13.52:29,S13.57:205,S14.01:31,S14.04:32,P14.09:34,P14.12:35,S14.13/14.14:38,S14.16/14.18:40,T14.21:201,,,,,,,,,,
13:20,Margate,Pass,2-6-2T,Canterbury,S13.20:61,S13.28:63,S13.32:64,T13.35:66,,,,,,,,,,,,,,,,,,,,,,,
13:20,Sheerness,Pass,C0-6-0,Sittingbourne,P13.39:508,P13.40:202,T13.41:47,S13.20:76,S13.26:77,S13.31:78,S13.36:80,,,,,,,,,,,,,,,,,,,,
13:24,Victoria,Pass,EMU,Orpington,S13.24:1,S13.29:5,S13.32:8,S13.34:10,S13.36:11,S13.39:12,S13.41:14,S13.43:16,S13.46:19,S13.48/13.49:21,S13.57:23,T13.58:24,,,,,,,,,,,,,,,
13:31,Holbourn V,Pass,EMU,Sevenoaks,S13.59:18,S14.01/14.02:20,S14.05:22,S14.10:26,T14.15:28,,,,,,,,,,,,,,,,,,,,,,
13:40,Margate,Pass,L4-4-0,Maidstone,S13.40:62,S13.49:63,S13.53:64,T13.54:66,,,,,,,,,,,,,,,,,,,,,,,
13:42,Charing Cross,Pass,EMU,Gillingham,P14.39:35,S14.40/14.41:38,S14.43/14.46:40,T14.49:201,,,,,,,,,,,,,,,,,,,,,,,
13:44,Victoria,Pass,EMU,Orpington,S13.44:1,S13.49:5,S13.52:8,S13.54:10,S13.56:11,S13.59:12,S14.01:14,S14.03:16,S14.06:19,S14.08/14.09:21,S14.12:23,T14.13:24,,,,,,,,,,,,,,,
13:50,Hither Green,Goods,N2-6-0,Ashford,P14.18:25,P14.22:26,T14.30:28,,,,,,,,,,,,,,,,,,,,,,,,
13:50,Margate,Pass,C0-6-0,Maidstone,S13.50:61,S13.57:63,S14.01:64,T14.04:66,,,,,,,,,,,,,,,,,,,,,,,
13:51,Holbourn V,Pass,EMU,Sevenoaks,S14.19:18,S14.21/14.22:20,S14.25:22,S14.30:26,T14.35:28,,,,,,,,,,,,,,,,,,,,,,
13:55,Cannon Street,Pass,EMU,Gillingham,P15.08:35,S15.09/15.10:38,S15.12/15.13:40,T15.16:201,,,,,,,,,,,,,,,,,,,,,,,
14:04,Victoria,Pass,EMU,Orpington,S14.04:1,S14.09:5,S14.12:8,S14.14:10,S14.16:11,S14.19:12,S14.21:14,S14.23:16,S14.26:19,S14.28/14.29:21,S14.32:23,T14.33:24,,,,,,,,,,,,,,,
14:11,Holbourn V,Pass,EMU,Sevenoaks,S14.39:19,S14.41/14.42:21,S14.45:23,S14.50:26,T14.55:28,,,,,,,,,,,,,,,,,,,,,,
14:18,Victoria,Pass,EMU,Gillingham,S14.18:1,P14.23:5,P14.25:8,P14.31:16,P14.33:19,S14.34/14.35:21,P14.38:23,S14.47:27,S14.52:29,S14.57:205,S15.01:31,S15.04:32,P15.09:34,P15.12:35,S15.13/15.14:38,S15.16/15.18:40,T15.21:201,,,,,,,,,,
14:20,Faversham,Pass,D4-4-0,Dover,S14.20:51,S14.27:67,S14.38/14.42:68,S14.48:69,S14.54:70,S14.58:71,S15.02:72,S15.07:73,S15.14:74,T15.19:75,,,,,,,,,,,,,,,,,
14:24,Victoria,Pass,EMU,Orpington,S14.24:1,S14.29:5,S14.32:8,S14.34:10,S14.36:11,S14.39:12,S14.41:14,S14.43:16,S14.46:19,S14.48/14.49:21,S14.57:23,T14.58:24,,,,,,,,,,,,,,,
14:31,Holbourn V,Pass,EMU,Sevenoaks,S14.59:18,S15.01/15.02:20,S15.05:22,S15.10:26,T15.15:28,,,,,,,,,,,,,,,,,,,,,,
14:35,Faversham,Light,N2-6-0,Canterbury,S14.35:51,T14.55:68,,,,,,,,,,,,,,,,,,,,,,,,,
14:35,Victoria,XP,WC,Dover,S14.35:1,P14.44:8,P14.52:16,P14.54:19,S14.55/14.57:21,P15.03:26,P15.08:27,P15.18:33,P15.23:34,P15.27:35,P15.28:38,S15.29/15.32:40,S15.36/15.38:41,S15.50/15.52:48,S16.03/16.06:52,S16.13:67,S16.24/16.26:68,S16.33:69,S16.39:70,S16.43:71,S16.47:72,S16.52:73,S16.59:74,T17.06:75,,,
14:35,Victoria,Pass,L4-4-0,Ramsgate,S16.11:51,S16.21:54,S16.27:55,S16.33/16.35:56,S16.47:59,S16.52:60,S16.58/17.01:61,S17.09:63,S17.14:64,T17.18:66,,,,,,,,,,,,,,,,,
14:42,Charing Cross,Pass,EMU,Gillingham,P15.39:35,S15.40/15.41:38,S15.43/15.46:40,T15.49:201,,,,,,,,,,,,,,,,,,,,,,,
14:44,Victoria,Pass,EMU,Orpington,S14.44:1,S14.49:5,S14.52:8,S14.54:10,S14.56:11,S14.59:12,S15.01:14,S15.03:16,S15.06:19,S15.08/15.09:21,S15.12:23,T15.13:24,,,,,,,,,,,,,,,
14:45,Margate,XP,V4-4-0,Cannon St,S14.45:61,S14.51:63,S14.56:64,T14.59:66,,,,,,,,,,,,,,,,,,,,,,,
14:51,Holbourn V,Pass,EMU,Sevenoaks,S15.19:18,S15.21/15.22:20,S15.25:22,S15.30:26,T15.35:28,,,,,,,,,,,,,,,,,,,,,,
14:54,Rochester,Parcels,C0-6-0,Gillingham,S14.54:37,S14.56/15.20:39,T15.24:201,,,,,,,,,,,,,,,,,,,,,,,,
14:55,Cannon Street,Pass,EMU,Gillingham,P16.08:35,S16.09/16.10:38,S16.12/16.13:40,T16.16:201,,,,,,,,,,,,,,,,,,,,,,,
15:04,Victoria,Pass,EMU,Orpington,S15.04:1,S15.09:5,S15.12:8,S15.14:10,S15.16:11,S15.19:12,S15.21:14,S15.23:16,S15.26:19,S15.28/15.29:21,S15.32:23,T15.33:24,,,,,,,,,,,,,,,
15:11,Holbourn V,Pass,EMU,Sevenoaks,S15.39:19,S15.41/15.42:21,S15.45:23,S15.50:26,T15.55:28,,,,,,,,,,,,,,,,,,,,,,
15:15,Margate,Pass,2-6-2T,Hastings,S15.15:61,S15.21:63,S15.25:64,T15.29:66,,,,,,,,,,,,,,,,,,,,,,,
15:18,Victoria,Pass,EMU,Gillingham,S15.18:1,P15.23:5,P15.25:8,P15.31:16,P15.33:19,S15.34/15.35:21,P15.38:23,S15.51:27,S15.56:29,S16.01:205,S16.05:31,S16.08:32,P16.13:34,P16.16:35,S16.17/16.18:38,S16.20/16.22:40,T16.25:201,,,,,,,,,,
15:20,Sheerness,Pass,C0-6-0,Sittingbourne,P15.39:508,P15.40:202,T15.41:47,S15.20:76,S15.26:77,S15.31:78,S15.36:80,,,,,,,,,,,,,,,,,,,,
15:24,Victoria,Pass,EMU,Orpington,S15.24:1,S15.29:5,S15.32:8,S15.34:10,S15.36:11,S15.39:12,S15.41:14,S15.43:16,S15.46:19,S15.48/15.49:21,S15.52:23,T15.53:24,,,,,,,,,,,,,,,
15:25,Margate,XP,WC,Charing Cross,S15.25:61,S15.31:63,S15.35:64,T15.39:66,,,,,,,,,,,,,,,,,,,,,,,
15:31,Holbourn V,Pass,EMU,Sevenoaks,S15.59:18,S16.01/16.02:20,S16.05:22,S16.10:26,T16.15:28,,,,,,,,,,,,,,,,,,,,,,
15:35,Victoria,XP,BRS4-6-0,Ramsgate,S15.35:1,P15.44:8,P15.52:16,P15.54:19,S15.55/15.57:21,P16.08:27,P16.23:34,P16.27:35,P16.28:38,S16.29/16.32:40,P16.34:41,S16.46/16.48:48,S16.59/17.01:52,S17.11:54,S17.17:55,S17.23/17.25:56,S17.37:59,S17.43:60,S17.48/17.51:61,S17.59:63,S18.04:64,T18.08:66,,,,,
15:42,Charing Cross,Pass,EMU,Gillingham,P16.40:35,S16.41/16.42:38,S16.43/16.45:40,T16.48:201,,,,,,,,,,,,,,,,,,,,,,,
15:44,Victoria,Pass,EMU,Orpington,S15.44:1,S15.49:5,S15.52:8,S15.54:10,S15.56:11,S15.59:12,S16.01:14,S16.03:16,S16.06:19,S16.08/16.09:21,S16.12:23,T16.13:24,,,,,,,,,,,,,,,
15:47,Holbourn V,Pass,EMU,Orpington,S15.59:8,S16.01:10,S16.03:11,S16.06:12,S16.08:14,S16.10:16,P16.13:19,S16.15/16.16:21,S16.19:23,T16.21:24,,,,,,,,,,,,,,,,,
15:51,Holbourn V,Pass,EMU,Sevenoaks,S16.19:18,S16.21/16.22:20,S16.25:22,S16.30:26,T16.35:28,,,,,,,,,,,,,,,,,,,,,,
16:04,Holbourn V,Pass,EMU,Orpington,S16.15:8,S16.17:10,S16.19:11,S16.24:14,S16.26:16,S16.29:18,S16.30/16.31:20,S16.34:22,T16.36:24,,,,,,,,,,,,,,,,,,
16:04,Victoria,Pass,EMU,Orpington,S16.04:1,S16.09:5,S16.11:8,S16.13:10,S16.15:11,S16.18:12,S16.20:14,S16.23:16,S16.25:19,S16.27/16.28:21,S16.31:23,T16.33:24,,,,,,,,,,,,,,,
16:06,Victoria,ECS,2-6-2T,Cannon St,S16.06:1,T16.15:5,,,,,,,,,,,,,,,,,,,,,,,,,
16:11,Holbourn V,Pass,EMU,Sevenoaks,S16.39:19,S16.41/16.42:21,S16.45:23,S16.50:26,T16.55:28,,,,,,,,,,,,,,,,,,,,,,
16:14,Cannon Street,Pass,EMU,Gillingham,P17.09:35,S17.10/17.11:38,S17.13/17.14:40,T17.17:201,,,,,,,,,,,,,,,,,,,,,,,
16:15,Sheerness,Pass,2-6-2T,Sittingbourne,P16.34:508,P16.35:202,T16.36:47,S16.15:76,S16.21:77,S16.27:78,S16.31:80,,,,,,,,,,,,,,,,,,,,
16:18,Victoria,Pass,EMU,Gillingham,S16.18:1,P16.23:5,P16.25:8,P16.31:16,P16.33:19,S16.34/16.35:21,P16.38:23,S16.48:27,S16.53:29,S16.58:205,S17.02:31,S17.05:32,P17.10:34,P17.13:35,S17.14/17.15:38,S17.17/17.19:40,T17.22:201,,,,,,,,,,
16:20,Cannon Street,Pass,EMU,Gillingham,P17.33:35,S17.34/17.35:38,S17.37/17.38:40,T17.41:201,,,,,,,,,,,,,,,,,,,,,,,
16:22,Margate,Pass,2-6-4T,Ashford,S16.22:61,S16.30:63,S16.34:64,T16.38:66,,,,,,,,,,,,,,,,,,,,,,,
16:22,Victoria,Pass,EMU,Orpington,S16.20:1,S16.27:5,S16.30:8,S16.32:10,S16.34:11,S16.37:12,S16.39:14,S16.41:16,S16.44:18,S16.47/16.50:20,S16.53:22,T16.54:24,,,,,,,,,,,,,,,
16:26,Holbourn V,Pass,EMU,Orpington,S16.40:8,S16.43:10,S16.45:11,S16.40:12,S16.50:14,S16.52:16,P16.55:19,S16.56/16.57:21,S17.00:23,T17.02:24,,,,,,,,,,,,,,,,,
16:31,Holbourn V,Pass,EMU,Sevenoaks,S16.59:18,S17.01/17.02:20,S17.05:22,S17.11:26,T17.16:28,,,,,,,,,,,,,,,,,,,,,,
16:32,Cannon Street,Pass,L4-4-0,Ramsgate,P16.55:25,P17.00:27,P17.10:32,P17.15:34,P17.19:35,S17.20/17.21:38,S17.23/17.30:39,S17.34/17.35:41,S17.40:42,S17.47:43,S17.53/17.56:48,S18.02:50,S18.11/18.24:51,S18.34:54,S18.39:55,S18.45/18.46:56,S18.58:59,S19.03:60,S19.08/19.11:61,S19.19:63,S19.23:64,T19.27:66,,,,,
16:34,Victoria,Pass,EMU,Herne Hill,S16.34:1,S16.39:5,T16.42:8,,,,,,,,,,,,,,,,,,,,,,,,
16:37,Chatham,Pass,2-6-2T,Sittingbourne,S16.37:40,S16.41/16.43:41,S16.48:203,S16.54:43,T17.02:48,,,,,,,,,,,,,,,,,,,,,,
16:40,Holbourn V,Pass,EMU,Gillingham,P16.50:8,P16.57:16,P16.59:19,S17.00/17.01:21,P17.06:26,S17.12:27,S17.17:29,S17.22:205,S17.26:31,S17.29:32,P17.34:34,P17.37:35,S17.38/17.39:38,S17.41/17.43:40,T17.46:201,,,,,,,,,,,,
16:42,Charing Cross,Pass,EMU,Gillingham,P17.43:35,S17.44/17.45:38,S17.47/17.49:40,T17.52:201,,,,,,,,,,,,,,,,,,,,,,,
16:44,Victoria,Pass,EMU,Orpington,S16.44:1,S16.49:5,S16.52:8,S16.54:10,S16.56:11,S16.59:12,S17.01:14,S17.03:16,S17.06:19,S17.09/17.11:21,S17.14:23,T17.15:24,,,,,,,,,,,,,,,
16:45,Cannon Street,XP,WC,Ramsgate,P17.03:25,P17.08:27,P17.18:32,P17.23:34,P17.26:35,P17.27:38,P17.28:40,P17.30:41,P17.40:48,S17.49/17.53:52,S18.03:54,S18.09:55,S18.13/18.14:56,S18.26:59,S18.31:60,S18.36/18.39:61,S18.47:63,S18.51:64,T18.55:66,,,,,,,,
16:45,Holbourn V,Pass,EMU,Bickley,S16.59:10,S17.01:11,S17.04:12,S17.06:14,S17.09:16,S17.11:19,S17.13/17.14:21,T17.17:23,,,,,,,,,,,,,,,,,,,
16:51,Holbourn V,Pass,EMU,Sevenoaks,S17.19:18,S17.21/17.22:20,S17.25:22,S17.30:26,T17.35:28,,,,,,,,,,,,,,,,,,,,,,
16:52,Victoria,Pass,EMU,Maidstone,S16.52:1,P16.57:4,P17.08:17,S17.10/17.12:20,T17.21:28,,,,,,,,,,,,,,,,,,,,,,
16:55,Margate,XP,WC,Charing Cross,S17.03:63,S17.07:64,T17.11:66,,,,,,,,,,,,,,,,,,,,,,,,
16:55,strood,Pass,4-4-0T,Dover,P16.57:35,S16.58/17.00:38,S17.03/17.06:40,S17.10/17.11:41,S17.16:42,S17.26/17.31:48,S17.42/17.52:51,S17.59:67,S18.10/18.16:68,S18.23:69,S18.29:70,S18.33:71,S18.37:72,S18.43:73,S18.54:74,T19.02:75,,,,,,,,,,,
17:04,Holbourn V,Pass,EMU,Bickley,S17.15:7,S17.18:10,S17.20:11,S17.24:12,S17.26:14,S17.28:16,S17.31:19,S17.32/17.34:21,T17.36:23,,,,,,,,,,,,,,,,,,
17:04,Victoria,Pass,EMU,Orpington,S17.04:1,S17.09:5,S17.12:8,S17.14:10,S17.16:11,S17.19:12,S17.21:14,S17.23:16,S17.26:19,S17.28/17.29:21,S17.32:23,T17.34:24,,,,,,,,,,,,,,,
17:07,Cannon Street,Pass,EMU,Gillingham,P18.02:35,S18.03/18.04:38,S18.06/08.07:40,T18.10:201,,,,,,,,,,,,,,,,,,,,,,,
17:10,Sheerness,Pass,2-6-2T,Sittingbourne,P17.27:508,P17.28:202,T17.29:47,S17.10:76,S17.16:77,S17.20:78,S17.24:80,,,,,,,,,,,,,,,,,,,,
17:11,Holbourn V,Pass,EMU,Sevenoaks,S17.39:19,S17.41/17.42:21,S17.45:23,S17.50:26,T17.55:28,,,,,,,,,,,,,,,,,,,,,,
17:12,Charing Cross,Pass,EMU,Gillingham,P18.21:35,S18.22/18.23:38,S18.25:40,T18.29:201,,,,,,,,,,,,,,,,,,,,,,,
17:12,Faversham,Pass,2-6-2T,Dover,S17.12:51,S17.19:67,S17.30/17.34:68,S17.40:69,S17.46:70,S17.50:71,S17.54:72,S17.59:73,S18.11:74,T18.17:75,,,,,,,,,,,,,,,,,
17:15,Cannon Street,XP,WC,Ramsgate,P17.34:25,P17.39:27,P17.49:32,P17.54:34,P17.55:35,P17.56:38,P17.59:40,P18.02:41,P18.11:48,P18.19:52,S18.28:54,S18.36/18.38:56,S18.53/18.56:61,S19.04:63,S19.08:64,T19.12:66,,,,,,,,,,,
17:17,Holbourn V,Pass,EMU,Orpington,S17.30:8,S17.32:10,S17.37:12,S17.39:14,S17.41:16,S17.44:19,S17.45/17.46:21,S17.49:23,T17.51:24,,,,,,,,,,,,,,,,,,
17:20,Victoria,Pass,EMU,Gillingham,S17.20:1,P17.26:5,P17.28:8,P17.34:16,P17.35:18,S17.38/17.39:20,S17.46:27,S17.53:29,S18.01:205,P18.07:32,P18.11:34,P18.14:35,S18.15/18.15:38,S18.17/18.18:40,T18.21:201,,,,,,,,,,,,
17:21,Cannon Street,Pass,2-6-0,Dover,P17.41:25,P17.46:27,P17.57:32,P18.02:34,P18.06:35,S18.08/18.09:38,S18.11/18.14:40,S18.18/18.19:41,S18.24:42,S18.34/18.35:48,S18.41:50,S18.50/19.00:51,S19.07:67,S19.18/19.23:68,S19.29:69,S19.35:70,S19.39:71,S19.43:72,S19.49:73,S20.00:74,T20.06:75,,,,,,
17:24,Victoria,Pass,EMU,Bickley,S17.24:1,S17.29:5,S17.33:8,S17.35:10,S17.38:11,S17.41:12,S17.43:14,S17.45:16,S17.48:18,S17.50/17.51:20,T17.54:22,,,,,,,,,,,,,,,,
17:27,Holbourn V,Pass,EMU,Orpington,S17.38:8,S17.41:10,S17.43:11,S17.46:12,S17.48:14,S17.50:16,P17.53:19,S17.54/17.55:21,S18.02:23,T18.04:24,,,,,,,,,,,,,,,,,
17:35,Margate,Pass,2-6-0,Dover,S17.35:61,S17.42:63,S17.46:64,T17.50:65,,,,,,,,,,,,,,,,,,,,,,,
17:35,Victoria,Pass,EMU,Orpington,S17.35:1,S17.41:5,S17.43:8,S17.45:10,S17.47:11,S17.50:12,S17.52:14,S17.54:16,S17.57:19,S18.01/18.03:21,S18.06:23,T18.07:24,,,,,,,,,,,,,,,
17:40,Sheerness,Pass,2-6-2T,Sittingbourne,P18.24:508,P18.25:202,T18.26:47,S17.40:76,S18.12:77,S18.17:78,S18.21:80,,,,,,,,,,,,,,,,,,,,
17:42,Charing Cross,Pass,EMU,Gillingham,P18.38:35,S18.39/18.40:38,S18.42/18.43:40,T18.46:201,,,,,,,,,,,,,,,,,,,,,,,
17:44,Victoria,Pass,EMU,Orpington,S17.44:1,S17.49:5,S17.52:8,S17.54:10,S17.56:11,S17.59:12,S18.01:14,S18.03:16,S18.06:19,S18.08/18.09:21,S18.12:23,T18.13:24,,,,,,,,,,,,,,,
17:45,Cannon Street,XP,WC,Ramsgate,P18.05:25,P18.10:27,P18.20:32,P18.25:34,P18.29:35,P18.30:38,S18.31/18.33:40,P18.37:41,P18.47:48,S18.55/18.57:52,S19.07:54,S19.12:55,S19.18/19.20:56,S19.32:59,S19.37:60,S19.42/19.45:61,S19.53:63,S19.57:64,T20.02:66,,,,,,,,
17:47,Holbourn V,Pass,EMU,Orpington,S17.58:8,S18.01:10,S18.03:11,S18.06:12,S18.08:14,S18.10:16,S18.13:19,S18.14/18.15:21,S18.24:23,T18.26:24,,,,,,,,,,,,,,,,,
17:50,Charing Cross,Pass,EMU,Gillingham,P18.51:35,S18.52/18.53:38,S18.55/19.04:39,T19.07:201,,,,,,,,,,,,,,,,,,,,,,,
17:51,Holbourn V,Pass,EMU,Sevenoaks,S18.19:18,S18.21/18.22:20,S18.25:22,S18.30:26,T18.35:28,,,,,,,,,,,,,,,,,,,,,,
17:53,Victoria,Pass,EMU,Maidstone,S17.53:1,P17.58:4,P18.09:17,S18.11/18.12:20,S18.18:26,T18.23:28,,,,,,,,,,,,,,,,,,,,,
17:57,Charing Cross,Pass,EMU,Gillingham,P18.51:35,S18.51/18.53:38,S18.55/19.04:39,T19.07:201,,,,,,,,,,,,,,,,,,,,,,,
17:57,Holbourn V,Pass,EMU,Orpington,S18.08:8,S18.11:10,S18.13:11,S18.16:12,S18.18:14,S18.20:16,S18.23:19,S18.24/18.25:21,S18.28:23,T18.30:24,,,,,,,,,,,,,,,,,
18:04,Holbourn V,Pass,EMU,Orpington,S18.16:8,S18.18:10,S18.21:11,S18.24:12,S18.28:16,S18.31:19,S18.33/18.35:21,S18.39:22,T18.40:24,,,,,,,,,,,,,,,,,,
18:04,Victoria,Pass,EMU,Orpington,S18.04:1,S18.09:5,S18.12:8,S18.14:10,S18.17:11,S18.20:12,S18.22:14,S18.24:16,S18.27:19,S18.28/18.29:21,S18.33:23,T18.35:24,,,,,,,,,,,,,,,
18:06,Charing Cross,Pass,EMU,Gillingham,P19.09:35,S19.11/19.13:38,S19.15/19.18:40,T19.21:201,,,,,,,,,,,,,,,,,,,,,,,
18:06,Sheerness,Pass,2-6-2T,Sittingbourne,P18.24:508,P18.25:202,T18.26:47,S18.06:76,S18.12:77,S18.17:78,S18.21:80,,,,,,,,,,,,,,,,,,,,
18:11,Holbourn V,Pass,EMU,Sevenoaks,S18.39:19,S18.41/18.42:21,S18.45:23,S18.50:26,T18.55:28,,,,,,,,,,,,,,,,,,,,,,
18:15,Sittingbourne,Light,2-6-2T,Teynham,S18.15:48,T18.23:50,,,,,,,,,,,,,,,,,,,,,,,,,
18:16,Cannon Street,XP,V4-4-0,Ramsgate,P18.35:25,P18.40:27,P18.50:32,P18.55:34,P18.59:35,P19.00:38,P19.01:40,P19.04:41,P19.13:48,P19.21:52,S19.30:54,S19.35:55,S19.41/19.42:56,S19.54:59,S19.59:60,S20.04/20.06:61,S20.14:63,S20.18:64,T20.22:66,,,,,,,,
18:18,Victoria,Pass,EMU,Maidstone,S18.18:1,P18.23:5,P18.24:10,P18.32:16,P18.33:18,S18.35/18.36:20,P18.38:23,T18.45:28,,,,,,,,,,,,,,,,,,,
18:21,Chatham,Pass,2-6-2T,Sheerness,S18.21:39,S18.24/18.26:41,S18.35:43,P18.41:510,P18.42:508,T19.02:76,S18.56:77,S18.45:80,,,,,,,,,,,,,,,,,,,
18:23,Cannon Street,Pass,V4-4-0,Faversham,P18.58:32,P19.03:34,P19.07:35,S19.08/19.09:38,S19.11/19.14:40,S19.18/19.19:41,S19.24:42,S19.30:43,S19.37/19.38:48,S19.44:50,S19.53/19.57:51,S20.04:67,S20.15/20.16:68,S20.22:69,S20.28:70,S20.32:71,S20.36:72,S20.41:73,S20.48:74,T20.53:75,,,,,,,
18:24,Holbourn V,Pass,EMU,Gillingham,P18.28:8,P18.44:18,S18.47/18.48:20,S18.59:27,S19.04:29,S19.09:205,S19.13:31,S19.16:32,P19.21:34,P19.24:35,S19.25/19.26:38,S19.28/19.30:40,T19.33:201,,,,,,,,,,,,,,
18:24,Victoria,Pass,EMU,Orpington,S18.24:1,S18.29:5,S18.32:8,S18.34:10,S18.36:11,S18.39:12,S18.41:14,S18.43:16,S18.46:19,S18.48/18.49:21,S18.52:23,T18.53:24,,,,,,,,,,,,,,,
18:27,Holbourn V,Pass,EMU,Bickley,S18.38:8,S18.41:10,S18.43:11,S18.46:12,S18.48:14,S18.50:16,S18.53:18,S18.54/18.55:20,T18.58:22,,,,,,,,,,,,,,,,,,
18:31,Holbourn V,Pass,EMU,Sevenoaks,S18.59:18,S19.01/19.02:20,S19.05:22,S19.10:26,T19.15:28,,,,,,,,,,,,,,,,,,,,,,
18:38,Chatham,Pass,C0-6-0,Sittingbourne,S18.38:39,S18.42/18.43:41,T18.55:48,,,,,,,,,,,,,,,,,,,,,,,,
18:42,Charing Cross,Pass,EMU,Gillingham,P19.39:35,S19.40/19.41:38,S19.42/19.44:40,T19.47:201,,,,,,,,,,,,,,,,,,,,,,,
18:44,Victoria,pass,EMU,Orpington,S18.44:1,S18.49:5,S18.52:8,S18.54:10,S18.56:11,S18.59:12,S19.01:14,S19.03:16,S19.06:19,S19.09/19.11:21,S19.14:23,T19.15:24,,,,,,,,,,,,,,,
18:47,Holbourn V,pass,emu,Orpington,S18.58:8,S19.01:10,S19.03:11,S19.06:12,S19.08:14,S19.10:16,S19.13:19,S19.14/19.15:21,S19.18:23,T19.20:24,,,,,,,,,,,,,,,,,
18:50,Charing Cross,pass,emu,Gillingham,P20.06:35,S20.07/20.08:38,S20.10/20.13:39,T20.16:201,,,,,,,,,,,,,,,,,,,,,,,
18:50,Margate,XP,V4-4-0,Charing Cross,S18.50:61,S18.58:63,S19.01:64,T19.06:66,,,,,,,,,,,,,,,,,,,,,,,
18:50,Victoria,pass,EMU,Gillingham,S18.50:1,P18.55:4,P19.06:18,S19.09/19.10:20,P19.12:22,S19.22:27,S19.26:29,S19.31:205,S19.36:31,S19.38:32,P19.41:34,P19.47:35,S19.48/19.49:38,S19.50/19.52:40,T19.55:201,,,,,,,,,,,,
18:51,Holbourn V,pass,emu,Sevenoaks,S19.19:18,S19.21/19.22:20,S19.25:22,S19.30:26,T19.35:28,,,,,,,,,,,,,,,,,,,,,,
19:04,Victoria,pass,emu,Orpington,S19.04:1,S19.09:5,S19.12:8,S19.14:10,S19.16:11,S19.19:12,S19.21:14,S19.23:16,S19.26:19,S19.28/19.29:21,S19.32:23,T19.33:24,,,,,,,,,,,,,,,
19:05,Sheerness,Pass,2-6-2T,Chatham,P19.23:508,P19.24:202,S19.25:47,S19.05:76,S19.13:77,S19.20:80,,,,,,,,,,,,,,,,,,,,,
19:10,Charing Cross,pass,emu,Gillingham,P20.27:35,S20.29/20.30:38,S20.32/20.34:40,T20.37:201,,,,,,,,,,,,,,,,,,,,,,,
19:11,Holbourn V,pass,emu,Sevenoaks,S19.39:19,S19.41/19.42:21,S19.45:23,S19.50:26,T19.55:28,,,,,,,,,,,,,,,,,,,,,,
19:18,Victoria,pass,emu,Gillingham,S19.18:1,P19.23:5,P19.25:8,P19.31:16,P19.32:18,S19.34/19.35:20,P19.38:22,S19.47:27,S19.52:29,S19.57:205,S20.01:31,S20.04:32,P20.09:34,P20.12:35,S20.13/20.14:38,S20.16/20.18:40,T20.21:201,,,,,,,,,,
19:24,Victoria,pass,emu,Orpington,S19.24:1,S19.29:5,S19.32:8,S19.34:10,S19.36:11,S19.39:12,S19.41:14,S19.43:16,S19.46:19,S19.48/19.49:21,S19.52:23,T19.53:24,,,,,,,,,,,,,,,
19:28,Sheerness,Pass,2-6-2T,Faversham,P19.46:508,P19.47:202,S19.48/19.52:48,T20.03:52,S19.28:76,S19.36:77,S19.43:80,,,,,,,,,,,,,,,,,,,,
19:31,Holbourn V,pass,emu,Sevenoaks,S19.59:18,S20.01/20.02:20,S20.05:22,S20.10:26,T20.15:28,,,,,,,,,,,,,,,,,,,,,,
19:35,Victoria,XP,wc,Ramsgate,S19.35:1,P19.44:8,P19.52:16,P19.53:19,P19.54:21,P20.03:27,P20.13:34,P20.18:35,P20.23:38,S20.24/20.46:40,P20.30:41,S20.40/20.42:48,S20.53/20.56:52,S21.06:54,S21.12:55,S21.18/21.20:56,S21.32:59,S21.37:60,S21.42/21.45:61,S21.53:63,S21.57:64,T22.01:66,,,,,
19:42,Charing Cross,pass,emu,Gillingham,P20.40:35,S20.41/20.42:38,S20.43/20.45:40,T20.48:201,,,,,,,,,,,,,,,,,,,,,,,
19:44,Victoria,pass,emu,Orpington,S19.44:1,S19.49:5,S19.52:8,S19.54:10,S19.56:11,S19.59:12,S20.01:14,S20.03:16,S20.06:19,S20.08/20.09:21,S20.12:23,T20.13:24,,,,,,,,,,,,,,,
19:51,Holbourn V,pass,emu,Sevenoaks,S20.19:18,S20.21/20.22:20,S20.25:22,S20.30:26,T20.35:28,,,,,,,,,,,,,,,,,,,,,,
19:55,Cannon Street,pass,emu,Gillingham,P21.08:35,S21.09/21.10:38,S21.12/21.14:40,T21.17:201,,,,,,,,,,,,,,,,,,,,,,,
20:04,Victoria,pass,emu,Orpington,S20.04:1,S20.09:5,S20.12:8,S20.14:10,S20.16:11,S20.19:12,S20.21:14,S20.23:16,S20.26:19,S20.28/20.29:21,S20.32:23,T20.33:24,,,,,,,,,,,,,,,
20:05,Faversham,pass,L4-4-0,Ramsgate,S20.05:52,S20.15:54,S20.20:55,S20.26/20.27:56,S20.39:59,S20.44:60,S20.49/20.56:61,S21.02:63,S21.06:64,T21.10:66,,,,,,,,,,,,,,,,,
20:11,Holbourn V,pass,emu,Sevenoaks,S20.39:19,S20.41/20.42:21,S20.45:23,S20.50:26,T20.55:28,,,,,,,,,,,,,,,,,,,,,,
20:17,Sheerness,pass,2-6-2T,Sittingbourne,P20.33:508,P20.34:202,T20.35:47,S20.17:76,S20.23:77,S20.30:80,,,,,,,,,,,,,,,,,,,,,
20:18,Victoria,pass,emu,Gillingham,S20.18:1,P20.23:5,P20.25:8,P20.31:16,P20.32:18,S20.34/20.35:20,S20.47:27,S20.52:29,S20.57:205,S21.01:31,S21.04:32,P21.09:34,P21.12:35,S21.13/21.14:38,S21.16/21.18:40,T21.21:201,,,,,,,,,,,
20:24,Victoria,pass,emu,Orpington,S20.24:1,S20.29:5,S20.32:8,S20.34:10,S20.36:11,S20.39:12,S20.41:14,S20.43:16,S20.46:19,S20.48/20.49:21,S20.52:23,T20.53:24,,,,,,,,,,,,,,,
20:31,Holbourn V,pass,emu,Sevenoaks,S20.59:18,S21.01/21.02:20,S21.05:22,S21.10:26,T21.15:28,,,,,,,,,,,,,,,,,,,,,,
20:35,Victoria,XP,V4-4-0,Ramsgate,S20.35:1,P20.44:8,P20.52:16,P20.54:19,S20.55/20.56:21,P21.07:27,P21.22:34,P21.26:35,P21.27:38,S21.28/21.32:40,S21.36/21.38:41,S21.50/21.52:48,S21.03/21.07:52,S22.17:54,S22.23:55,S22.29/22.31:56,S22.43:59,S22.48:60,S22.53/22.56:61,S23.04:63,S23.08:64,T23.12:66,,,,,
20:38,Chatham,pass,2-6-2T,Faversham,S20.38:39,S20.42/20.43:41,S20.48:42,S20.54:43,S21.01/21.03:48,S21.08:50,T21.17:52,,,,,,,,,,,,,,,,,,,,
20:42,Charing Cross,pass,emu,Gillingham,P21.39:35,S21.40/21.41:38,S21.43/21.45:40,T21.48:201,,,,,,,,,,,,,,,,,,,,,,,
20:44,Victoria,pass,emu,Orpington,S20.44:1,S20.49:5,S20.52:8,S20.54:10,S20.56:11,S20.59:12,S21.01:14,S21.03:16,S21.06:19,S21.08/21.09:21,S21.12:23,T21.13:24,,,,,,,,,,,,,,,
20:45,b'ham,Goods,C0-6-0,Bromley South,P21.27:18,T21.31:20,,,,,,,,,,,,,,,,,,,,,,,,,
20:51,Holbourn V,pass,emu,Sevenoaks,S21.19:18,S21.21/21.22:20,S21.25:22,S21.30:26,T21.35:28,,,,,,,,,,,,,,,,,,,,,,
20:55,Cannon Street,pass,emu,Gillingham,P22.08:35,S22.09/22.10:38,S22.12/22.14:40,T22.17:201,,,,,,,,,,,,,,,,,,,,,,,
21:00,Victoria,Boat,wc,Paris,S21.00:1,P21.07:5,P21.08:8,P21.16:16,P21.18:19,P21.20:21,P21.22:23,T21.23:24,,,,,,,,,,,,,,,,,,,
21:01,Faversham,pass,2-6-4T,dover,S21.01:51,S21.08:67,S21.19/21.23:68,S21.29:69,S21.35:70,S21.39:71,S21.43:72,S21.48:73,S21.55:74,T22.00:75,,,,,,,,,,,,,,,,,
21:04,Victoria,pass,emu,Orpington,S21.04:1,S21.09:5,S21.12:8,S21.14:10,S21.16:11,S21.19:12,S21.21:14,S21.23:16,S21.26:19,S21.28/21.29:21,S21.32:23,T21.33:24,,,,,,,,,,,,,,,
21:05,Hoo Junction,Goods,C0-6-0,Chatham Goods,P21.32:35,T21.37:36,,,,,,,,,,,,,,,,,,,,,,,,,
21:11,Holbourn V,pass,emu,Sevenoaks,S21.39:19,S21.41/21.42:21,S21.45:23,S21.50:26,T21.55:28,,,,,,,,,,,,,,,,,,,,,,
21:18,Victoria,pass,emu,Gillingham,S21.18:1,P21.23:5,P21.25:8,P21.31:16,P21.32:18,S21.34/21.35:20,S21.47:27,S21.52:29,S21.57:205,S22.01:31,S22.04:32,P22.09:34,P22.12:35,S22.13/22.14:38,S22.16/22.18:40,T22.21:201,,,,,,,,,,,
21:20,Margate,pass,2-6-2T,Canterbury,S21.20:61,S21.26:63,S21.31:64,T21.35:66,,,,,,,,,,,,,,,,,,,,,,,
21:22,Sheerness,pass,2-6-2T,Faversham,P21.40:508,P21.41:202,S21.42/22.05:47,S22.11:50,T22.20:52,S21.22:76,S21.28:77,S21.33:78,S21.37:80,,,,,,,,,,,,,,,,,,
21:24,Victoria,pass,emu,Orpington,S21.24:1,S21.29:5,S21.32:8,S21.34:10,S21.36:11,S21.39:12,S21.41:14,S21.43:16,S21.46:19,S21.48/21.49:21,S21.52:23,T21.53:24,,,,,,,,,,,,,,,
21:28,Margate,pass,wc,Cannon St,S21.28:61,S21.34:63,S21.38:64,T21.42:66,,,,,,,,,,,,,,,,,,,,,,,
21:31,Holbourn V,pass,emu,Sevenoaks,S21.59:18,S22.01/22.02:20,S22.05:22,S22.10:26,T22.15:28,,,,,,,,,,,,,,,,,,,,,,
21:35,Victoria,XP,wc,Ramsgate,S21.35:1,P21.44:8,P21.52:16,P21.53:18,P21.55:20,P22.04:27,P22.14:32,P22.19:34,P22.23:35,P22.24:38,S22.25/22.28:40,P22.31:41,S22.42/22.43:48,S22.54/22.56:52,S23.06:54,S23.11:55,S23.17/23.18:56,S23.31:59,S23.36:60,S23.41/23.44:61,S23.52:63,S23.56:64,T00.00:66,,,,
21:42,Charing Cross,pass,emu,Gillingham,P22.39:35,S22.40/22.41:38,S22.43/22.46:40,T22.49:201,,,,,,,,,,,,,,,,,,,,,,,
21:44,Victoria,pass,emu,Orpington,S21.44:1,S21.49:5,S21.52:8,S21.54:10,S21.56:11,S21.59:12,S22.01:14,S22.03:16,S22.06:19,S22.08/22.09:21,S22.12:23,T22.13:24,,,,,,,,,,,,,,,
21:51,Holbourn V,pass,emu,Sevenoaks,S22.19:18,S22.21/22.22:20,S22.25:22,S22.30:26,T22.35:28,,,,,,,,,,,,,,,,,,,,,,
21:54,NorthFleet Goods,Goods,N2-6-0,Chatham Goods,P23.02:35,T23.05:36,,,,,,,,,,,,,,,,,,,,,,,,,
21:55,Cannon Street,pass,emu,Gillingham,P23.08:35,S23.09/23.10:38,S23.12/23.14:40,T23.17:201,,,,,,,,,,,,,,,,,,,,,,,
21:58,Margate,pass,2-6-4T,Ashford,S21.58:61,S22.04:63,S22.08:64,T22.12:66,,,,,,,,,,,,,,,,,,,,,,,
22:00,Hither Green,Goods,N2-6-0,Dover,S01.00:36,P01.03:38,P01.08:40,S01.28:41,S02.11:48,S02.48:51,P03.23:68,S04.25:72,S04.55:73,T05.15:75,,,,,,,,,,,,,,,,,
22:04,Victoria,pass,emu,Orpington,S22.04:1,S22.09:5,S22.12:8,S22.14:10,S22.16:11,S22.19:12,S22.21:14,S22.23:16,S22.26:19,S22.28/22.29:21,S22.32:23,T22.33:24,,,,,,,,,,,,,,,
22:11,Sheerness,pass,2-6-2T,Sittingbourne,P22.30:508,P22.31:202,T22.32:47,S22.11:76,S22.18:77,S22.23:78,S22.28:80,,,,,,,,,,,,,,,,,,,,
22:18,Victoria,pass,emu,Gillingham,S22.18:1,P22.23:5,P22.25:8,P22.31:16,P22.32:18,S22.34/22.35:20,S22.47:27,S22.52:29,S22.57:205,S23.01:31,S23.04:32,P23.09:34,P23.12:35,S23.13/23.14:38,S23.16/23.18:40,T23.21:201,,,,,,,,,,,
22:24,Victoria,pass,emu,Orpington,S22.24:1,S22.29:5,S22.32:8,S22.34:10,S22.36:11,S22.39:12,S22.41:14,S22.43:16,S22.46:19,S22.48/22.49:21,S22.52:23,T22.53:24,,,,,,,,,,,,,,,
22:31,Holbourn V,pass,emu,Sevenoaks,S22.59:18,S23.01/23.02:20,S23.05:22,S23.10:26,T23.15:28,,,,,,,,,,,,,,,,,,,,,,
22:36,Hoo Junction,Goods,C0-6-0,rainham,P22.51:35,P22.53:38,P22.56:40,P23.04:41,T23.10:203,,,,,,,,,,,,,,,,,,,,,,
22:42,Charing Cross,pass,emu,Gillingham,P23.41:35,S23.42/23.43:38,S23.45/23.47:40,T23.50:201,,,,,,,,,,,,,,,,,,,,,,,
22:44,Victoria,pass,emu,Orpington,S22.44:1,S22.49:5,S22.52:8,S22.54:10,S22.56:11,S22.59:12,S23.01:14,S23.03:16,S23.06:19,S23.08/23.09:21,S23.12:23,T23.13:24,,,,,,,,,,,,,,,
22:46,Charing Cross,Pass,EMU,Gillingham,P00/05:35,S00.07:38,S00.10:40,T00.13:201,,,,,,,,,,,,,,,,,,,,,,,
22:51,Holbourn V,pass,emu,Sevenoaks,S23.19:18,S23.21/23.22:20,S23.25:22,S23.30:26,T23.35:28,,,,,,,,,,,,,,,,,,,,,,
22:57,Faversham,pass,2-6-2T,Dover,S23.04:67,S23.15/23.18:68,S23.24:69,S23.30:70,S23.34:71,S23.38:72,S23.43:73,S23.50:74,T23.55:75,,,,,,,,,,,,,,,,,,
23:04,Victoria,pass,emu,Orpington,S23.04:1,S23.09:5,S23.12:8,S23.14:10,S23.16:11,S23.19:12,S23.21:14,S23.23:16,S23.26:19,S23.28/23.29:21,S23.32:23,T23.33:24,,,,,,,,,,,,,,,
23:07,Gravesend,P&P,H0-4-4T,Gillingham,P23.24:35,S23.26/23.28:38,S23.30/23.32:40,T23.36:201,,,,,,,,,,,,,,,,,,,,,,,
23:10,BLA,Goods,BR4 4-6-0,Dover,,,,,,,,,,,,,,,,,,,,,,,,,,,
23:13,Sheerness,pass,C&LM2,Sittingbourne,P23.29:508,P23.30:202,S23.13:76,S23.19:77,S23.26:80,,,,,,,,,,,,,,,,,,,,,,
23:15,Margate,Light,L4-4-0,Ramsgate,S23.15:61,T23.30:66,,,,,,,,,,,,,,,,,,,,,,,,,
23:22,Chatham,pass,4-4-0T,Faversham,S23.22:39,S23.26/23.27:41,S23.42:42,S23.42/23.44:48,T23.55:52,,,,,,,,,,,,,,,,,,,,,,
23:26,Holbourn V,pass,emu,Sevenoaks,S23.54:18,S23.57/23.58:20,S00.01:22,S00.06:26,T00.11:28,,,,,,,,,,,,,,,,,,,,,,
23:30,Victoria,pass,emu,Orpington,S23.30:1,S23.35:5,S23.38:8,S23.40:10,S23.42:11,S23.45:12,S23.47:14,S23.49:16,S23.52:19,S23.54/23.58:21,S00.01:23,T00.02:24,,,,,,,,,,,,,,,
23:40,Farningham Rd,Goods,2-6-4T,Chatham Goods,S23.40:29,P00.00:32,P00.20:35,T00.24:36,,,,,,,,,,,,,,,,,,,,,,,
23:40,Herne Hill,Goods,C0-6-0,,S23.40:7,P00.05:16,P00.22:22,P00.31:26,P00.39:27,S01.17:29,P01.35:32,T01.55:36,,,,,,,,,,,,,,,,,,,
23:42,Charing Cross,Pass,EMU,Gillingham,P00.57:35,P00.58:38,S01.00:39,T01.03:201,,,,,,,,,,,,,,,,,,,,,,,
23:55,Sittingbourne,Goods,N2-6-0,S'well,S23.55:47,S00.10/00.30:51,P01.05:68,T01.35:73,,,,,,,,,,,,,,,,,,,,,,,
