00:22,Bickley,Pass,EMU,Holbourn Viaduct,P00.22:144,S00.25/00.26:148,P00.28:150,S00.31:152,P00.39:161,T:162,,,,,,,,,,,,,,,,,,,
01:05,Sittingbourne,Goods,2-6-2T,Herne Hill,S01.28/01.42:127,P01.50:129,P01.55:131,P02.00:133,P02.27:136,S02.52/03.05:142,S03.14/03.35:146,P03.40:148,P03.46:155,S04.08:161,,,,,,,,,,,,,,,
02:00,Faversham,Goods,2MT & C,Sheerness,,,,,,,,,,,,,,,,,,,,,,,,,
02:30,Faversham,Goods,N2-6-0,Hoo Junction,S04.05/04.30:127,P04.35:129,P04.40:131,S04.45/05.25:132,T05.27:133,,,,,,,,,,,,,,,,,,,,
02:30,Ashford,P&P,L4-4-0,Margate,S03.31:101,T03.40:105,,,,,,,,,,,,,,,,,,,,,,,
03:30,Sheperdswell,Goods,C0-6-0,Sittingbourne,S03.30:176,S03.45/04.05:177,P04.30:181,,,,,,,,,,,,,,,,,,,,,,
03:30,Orpington,ECS,EMU,Bickley,S03.35:144,T03.37:145,,,,,,,,,,,,,,,,,,,,,,,
03:40,Sutton,Pass,EMU,Victoria,S04.35:160,S04.38:163,T04.45:167,,,,,,,,,,,,,,,,,,,,,,
03:45,(St Mary Cray),Goods,N2-6-0,Hither Green,S03.45:142,T03.49:143,,,,,,,,,,,,,,,,,,,,,,,
03:59,Swanley,Pass,EMU,Holbourn Viaduct,S03.59:141,S04.04:142,S04.08:145,S04.11/04.12:147,T04.15:149,,,,,,,,,,,,,,,,,,,,
04:00,Gillingham,Pass,EMU,Charing Cross,S04.00:127,S04.03/04.04:128,S04.05/04.06:130,T04.07:133,,,,,,,,,,,,,,,,,,,,,
04:02,Orpington,Pass,EMU,Holbourn Viaduct,P04.07:144,S04.09:146,S04.12/04.18:148,S04.20:150,S04.23:152,S04.25:155,S04.27:156,S04.30:157,S04.32:158,S04.35:161,,,,,,,,,,,,,,,
04:15,Ramsgate,LE,L4-4-0,Margate,S04.15:101,T04.32:105,,,,,,,,,,,,,,,,,,,,,,,
04:34,Ramsgate,Pass,L4-4-0,Chatham,S04.34:101,S04.38:103,S04.42:104,S04.48/04.57:105,,,,,,,,,,,,,,,,,,,,,
04:38,Ramsgate,Light,2-6-4T,Margate,S04.38:101,S04.57:106,,,,,,,,,,,,,,,,,,,,,,,
04:40,Faversham,Pass,2-6-2T,Sheerness,,,,,,,,,,,,,,,,,,,,,,,,,
04:41,Gillingham,P&P,H0-4-4T,Gravesend,S04.41:127,S04.45/04.46:128,S04.48/04.49:130,T04.50:133,,,,,,,,,,,,,,,,,,,,,
04:42,Dover,Pass,2-6-4T,Faversham,S04.42:174,S04.49:175,S04.56:176,S05.01:177,S05.07:179,S05.16/05.18:181,,,,,,,,,,,,,,,,,,,
04:50,London Bridge,Pass,V4-4-0,Margate,S08.52:101,S08.56:103,S09.00:104,T09.07:106,,,,,,,,,,,,,,,,,,,,,
05:00,Orpington,Pass,EMU,Holbourn Viaduct,P05.05:144,S05.06:146,S05.08/05.09:148,S05.12:150,S05.15:152,S05.17:155,S05.19:156,S05.22:157,S05.24:158,S05.26:161,T05.27:162,,,,,,,,,,,,,,
05:07,Orpington,Pass,EMU,Blackfriars,P05.12:144,S05.13:146,S05.15/05.16:148,S05.19:150,S05.22:152,S05.24:155,S05.26:156,S05.29:157,S05.31:158,T05.33:161,,,,,,,,,,,,,,,
05:15,Gillingham,Pass,EMU,Strood,S05.15:127,S05.18/05.19:128,S05.20/05.21:130,T05.22:133,,,,,,,,,,,,,,,,,,,,,
05:22,Orpington,Pass,EMU,Victoria,P05.27:144,S05.29:146,S05.31/05.32:148,S05.34:150,S05.37:152,S05.39:155,S05.41:156,S05.45:157,S05.46:158,S05.49:161,S05.51:163,T05.56:167,,,,,,,,,,,,,
05:28,Gillingham,Pass,EMU,Cannon St,S05.28:127,S05.31/05.33:128,S05.34/05.35:130,T05.36:133,,,,,,,,,,,,,,,,,,,,,
05:30,Herne Hill,P&P,EMU,Victoria,S05.30:160,S05.33:163,T05.38:167,,,,,,,,,,,,,,,,,,,,,,
05:35,Bromley South,Goods,C0-6-0,Birmingham,S05.35/05.37:147,,,,,,,,,,,,,,,,,,,,,,,,
05:40,Gillingham,Pass,EMU,Strood,S05.40:127,S05.43/05.45:128,S05.46/05.47:130,T05.48:133,,,,,,,,,,,,,,,,,,,,,
05:42,Orpington,Pass,EMU,Holbourn Viaduct,P05.47:144,S05.49:146,S05.51/05.52:148,S05.55:150,S05.58:152,S06.00:155,S06.02:156,S06.05:157,S06.07:158,S06.09:161,,,,,,,,,,,,,,,
05:45,Swanley,Pass,EMU,Holbourn Viaduct,S05.45:141,S05.50:142,S05.54:145,S05.56/05.57:147,S06.00:149,,,,,,,,,,,,,,,,,,,,
05:51,Sittingbourne,Pass,2-6-2T,Sheerness,,,,,,,,,,,,,,,,,,,,,,,,,
05:52,Gillingham,Pass,EMU,Cannon St,S05.52:127,S05.55/05.57:128,S05.58/05.59:130,T06.00:133,,,,,,,,,,,,,,,,,,,,,
05:52,Rainham,Motor,H0-4-4T,Gillingham,,,,,,,,,,,,,,,,,,,,,,,,,
06:05,Reading,Pass,L4-4-0,Margate,S11.25:101,S11.29:103,S11.33:104,T11.39:105,,,,,,,,,,,,,,,,,,,,,
06:06,Ramsgate,XP,WC,Cannon St,S06.06:101,S06.10:103,S06.15:104,S06.21/06.23:106,S06.28:107,S06.33:108,S06.46/06.48:111,S06.54:113,S06.59:114,S07.09/07.11:116,P07.22:120,P07.34:126,S07.36/07.38:128,P07.40:130,P07.41:134,P07.53:137,P08.03:141,T08.08:143,,,,,,,
06:10,Dover,Pass,D1 4-4-0,Gillingham,T07.53:127,S06.10:174,S06.16:175,S06.25:176,S06.30:177,S06.33:178,S06.36:179,S06.42:180,S06.47/06.48:181,S07.01:182,,,,,,,,,,,,,,,
06:15,Town,Goods,0-6-0,Shepherdswell,P06.25:174,P06.55:175,T07.05:176,,,,,,,,,,,,,,,,,,,,,,
06:29,Ramsgate,XP,WC,Cannon St,S06.29:101,S06.33:103,S06.37:104,S06.43/06.46:106,S06.51:107,S06.56:108,S07.07/07.10:111,S07.16:113,S07.21:114,S07.31/07.33:116,S07.44/07.45:120,S07.58/07.59:126,S08.03/08.06:128,P08.08:130,P08.09:133,P08.21:136,P08.31:141,T08.36:143,,,,,,,
06:40,Ramsgate,Light,WC,Margate,S06.40:101,T06.56:105,,,,,,,,,,,,,,,,,,,,,,,
06:41,Sevenoaks,Pass,EMU,Holbourn Viaduct,S07.04:141,S07.09:142,S07.14:145,S07.16/07.17:147,S07.20:149,,,,,,,,,,,,,,,,,,,,
06:44,Faversham,Pass,2-6-2T,Rochester,S07.26/07.28:128,T07.30:130,,,,,,,,,,,,,,,,,,,,,,,
06:53,Ramsgate,ECS,V4-4-0,Cannon St,S06.53:101,P07.07:106,S07.27/08.20:112,S08.26:113,S08.31:114,S08.41/08.42:116,S08.53/08.54:120,P09.05:126,S09.08/09.10:128,P09.12:130,P09.13:133,P09.25:136,P09.35:141,T09.40:143,,,,,,,,,,,
06:56,Holbourn Viaduct,Pass,E1 4-4-0,Margate,S10.37:101,S10.41:103,S10.45:104,T10.51:105,,,,,,,,,,,,,,,,,,,,,
06:58,Gillingham,Pass,EMU,Cannon St,S07.01/07.03:128,S07.04/07.05:130,T07.06:133,,,,,,,,,,,,,,,,,,,,,,
07:00,Orpington,Pass,EMU,Victoria,P07.05:144,S07.08:146,S07.10/07.11:148,S07.14:150,S07.17:152,S07.19:155,S07.21:156,S07.24:157,S07.26:158,S07.29:161,S07.31:163,T07.36:167,,,,,,,,,,,,,
07:02,Canterbury,Pass,L4-4-0,Margate,S07.42:101,S07.46:103,S07.50:104,T07.56:105,,,,,,,,,,,,,,,,,,,,,
07:06,Farningham Road,Pass,EMU,Holbourn Viaduct,S07.06:139,S07.17:141,S07.22:142,S07.27:145,S07.31/07.32:147,S07.34:149,,,,,,,,,,,,,,,,,,,
07:07,Ramsgate,Pass,L4-4-0,Gillingham,S07.07:102,S07.11:103,S07.15:104,S07.21/07.23:106,S07.28:107,S07.33:108,S07.44/07.45:111,S07.51:113,S07.56:114,S08.06/08.15:117,S08.26/08.27:120,,,,,,,,,,,,,,
07:08,Gillingham,Pass,EMU,Charing Cross,S07.08:127,S07.11/07.13:128,S07.14/07.15:130,T07.16:133,,,,,,,,,,,,,,,,,,,,,
07:08,Dover,Pass,BR4 2-6-0,Margate,S08.05:101,S08.09:103,S08.13:104,T08.19:105,,,,,,,,,,,,,,,,,,,,,
07:10,Sittingbourne,Pass,2-6-2T,Sheerness,,,,,,,,,,,,,,,,,,,,,,,,,
07:13,Gillingham,Pass,EMU,Victoria,S07.13:127,S07.16/07.19:128,S07.21/07.22:130,P07.24:133,S07.34:136,S07.36:137,S07.41:301,S07.46:139,S07.56:141,S08.01:142,S08.07/08.08:147,S08.11:149,P08.22:160,P08.23:163,T08.28:167,,,,,,,,,,
07:15,Bickley Jcn,Pass,EMU,Holbourn Viaduct,P07.15:144,S07.17:146,S07.19/07.20:148,S07.23:150,S07.25:152,S07.27:155,S07.30:156,S07.32:157,S07.35:158,T07.37:162,,,,,,,,,,,,,,,
07:16,Orpington,Pass,EMU,Holbourn Viaduct,P07.21:144,S07.23:146,S07.25/07.26:148,S07.28:150,S07.31:152,S07.33:155,S07.35:156,S07.38:157,S07.40:158,S07.44:161,T07.45:162,,,,,,,,,,,,,,
07:18,Gillingham,Pass,EMU,Charing Cross,S07.18:127,S07.11/07.13:128,S07.21/07.23:130,S07.27/07.25:132,T07.26:133,,,,,,,,,,,,,,,,,,,,
07:20,Ramsgate,XP,WC,Cannon St,S07.20:101,S07.24:103,S07.28:104,P07.34/07.37:106,S07.52/07.54:111,S08.02:114,P08.12:116,P08.20:120,P08.31:126,P08.34:128,P08.35:130,P08.36:133,P08.57:141,T09.02:143,,,,,,,,,,,
07:20,Dover,Boat,WC&LI,Victoria,P08.44:144,P08.47:148,P08.52:155,P09.03:161,P09.04:163,T09.10:167,,,,,,,,,,,,,,,,,,,
07:21,Orpington,Pass,EMU,Victoria,P07.26:144,S07.28:146,S07.30/07.31:148,S07.33:150,S07.36:152,S07.38:155,S07.40:156,S07.43:157,S07.45:158,S07.48:161,S07.50:163,T07.56:167,,,,,,,,,,,,,
07:22,Sevenoaks,Pass,EMU,Holbourn Viaduct,S07.45:141,S07.50:142,S07.54:145,S07.56/07.57:147,S08.00:149,,,,,,,,,,,,,,,,,,,,
07:26,Orpington,Pass,EMU,Holbourn Viaduct,P07.31:144,S07.33:146,S07.35/07.36:148,S07.38:150,S07.42:152,S07.44:155,S07.46:156,S07.49:157,S07.51:158,S07.53:161,,,,,,,,,,,,,,,
07:27,Gillingham,Pass,EMU,Cannon St,S07.27:127,S07.30/07.32:128,S07.33/07.34:130,T07.36:133,,,,,,,,,,,,,,,,,,,,,
07:34,Bickley,Pass,EMU,Holbourn Viaduct,S07.34:145,S07.36/07.37:147,T07.40:149,,,,,,,,,,,,,,,,,,,,,,
07:35,Ramsgate,XP,WC,Cannon St,S07.35:101,S07.39:103,S07.43:104,S07.49/07.51:106,S07.56:107,S08.01:108,S08.12/08.13:111,S08.18:113,S08.23:114,P08.33:116,P08.52:128,P08.53:130,P09.05:136,P09.15:141,T09.20:143,,,,,,,,,,
07:35,Birkenhead,XP,V4-4-0,Margate,S16.32:101,S16.36:103,S16.40:104,T16.46:105,,,,,,,,,,,,,,,,,,,,,
07:36,Maidstone,Pass,2-6-2T,Margate,S09.37:101,S09.41:103,S09.45:104,T09.51:105,,,,,,,,,,,,,,,,,,,,,
07:40,Maidstone,Pass,EMU,Victoria,S08.16:140,S08.21:142,P08.25:147,P08.27:149,P08.29:152,S08.38:160,P08.40:163,T08.46:167,,,,,,,,,,,,,,,,,
07:42,Orpington,Pass,EMU,Victoria,,,,,,,,,,,,,S07.48:146,S07.50/07.51:148,S07.54:150,S07.57:152,S07.59:155,S08.01:156,S08.04:157,S08.06:158,S08.08:161,S08.11:163,T08.16:167,,
07:42,Sevenoaks,Pass,EMU,Holbourn Viaduct,,,,,,,,,,,,,S08.04:141,S08.09:142,S08.14:145,S08.16/08.17:147,S08.20:149,,,,,,,,
07:42,Dover,Pass,U1 2-6-0,Chatham,S08.39/08.48:117,S08.57:118,S09.03/09.05:120,S09.12:124,S09.18:125,S09.23/09.25:126,T09.29:129,S07.42:174,S07.48:175,S07.56:176,S08.01:177,S08.04:178,S08.07:179,S08.13:180,S08.18/08.250:181,S08.33:182,,,,,,,,,
07:43,Gillingham,Pass,EMU,Holbourn Viaduct,S07.43:127,S07.46/07.48:128,S07.49/07.50:130,P07.52:133,S08.02:136,S08.05:137,S08.09:301,S08.14:139,S08.20:141,S08.30/08.31:147,S08.34:149,,,,,,,,,,,,,,
07:47,Orpington,Pass,EMU,Holbourn Viaduct,P07.52:144,S07.54:146,S07.55/07.56:148,S07.59:150,S08.02:152,S08.04:155,S08.06:156,S08.09:157,S08.11:158,S08.13:161,,,,,,,,,,,,,,,
07:48,Sittingbourne,Pass,2-6-2T,Sheerness,S07.48:120,P07.49:509,P07.50:506,S07.59:515,T08.09:516,,,,,,,,,,,,,,,,,,,,
07:50,Gillingham,Pass,EMU,Charing Cross,S07.50:127,S07.53/07.56:128,S07.57/08.58:130,T07.59:133,,,,,,,,,,,,,,,,,,,,,
07:51,Orpington,Pass,EMU,Victoria,P07.56:144,S07.59:146,S08.00/08.01:148,S08.03:150,S08.06:152,S08.08:155,S08.10:156,S08.13:157,S08.15:158,S08.18:161,S08.20:163,T08.25:167,,,,,,,,,,,,,
07:51,Ashford,Pass,2-6-2T,Faversham,T09.41:116,S08.46:174,S08.52:175,S08.59:176,S09.04:177,S09.07:178,S09.10:179,S09.16:180,S09.21/09.22:181,S09.35:182,,,,,,,,,,,,,,,
07:54,Maidstone,Pass,EMU,Victoria,S08.39:140,S08.44:142,S08.51/08.53:147,P08.55:149,P08.56:151,P09.08:163,T09.14:167,,,,,,,,,,,,,,,,,,
08:00,Orpington,Pass,EMU,Victoria,P08.05:144,S08.08:146,S08.09/08.10:148,S08.13:150,S08.16:152,S08.18:155,S08.20:156,S08.23:157,S08.26:158,S08.28:161,S08.30:163,T08.36:167,,,,,,,,,,,,,
08:01,Sevenoaks,Pass,EMU,Blackfriars,S08.24:140,S08.29:142,S08.34:145,S08.36/08.37:147,S08.40:149,,,,,,,,,,,,,,,,,,,,
08:07,Orpington,Pass,EMU,Holbourn Viaduct,P08.12:144,S08.13:146,S08.15/08.16:148,S08.19:150,S08.22:152,S08.24:155,S08.26:156,S08.29:157,S08.31:158,S08.33:161,,,,,,,,,,,,,,,
08:11,Gillingham,Pass,EMU,Charing Cross,S08.11:127,S08.14/08.15:128,S08.16/08.17:130,T08.18:133,,,,,,,,,,,,,,,,,,,,,
08:15,Gillingham,Pass,EMU,Holbourn Viaduct,S08.15:127,S08.18/08.20:128,S08.21/08.22:130,P08.24:133,S08.34:136,S08.36:137,S08.41:301,S08.45:139,S08.53:141,S09.03/09.04:147,P09.08:152,T09.17:162,,,,,,,,,,,,,
08:17,Dover,Pass,N2-6-0,Faversham,T09.10:117,S08.17:174,S08.23:175,S08.30:176,S08.35:177,S08.38:178,S08.41:179,S08.47:180,S08.52/08.54:181,,,,,,,,,,,,,,,,
08:17,Gillingham,Pass,EMU,Sole St,S08.17:127,P08.22:128,P08.25:130,P08.26:133,T08.37:136,,,,,,,,,,,,,,,,,,,,
08:20,Orpington,Pass,EMU,Victoria,P08.25:144,S08.27:146,S08.30/08.31:148,S08.34:150,S08.37:152,S08.39:155,S08.41:156,S08.44:157,S08.46:158,S08.49:161,S08.51:163,T08.56:167,,,,,,,,,,,,,
08:20,Herne Bay,XP,V4-4-0,Cannon St,S08.20:111,S08.26:113,S08.31:114,S08.41/08.42:116,S08.53/08.54:120,S09.08/09.10:128,P09.12:130,P09.13:133,P09.25:136,P09.35:141,T09.40:143,,,,,,,,,,,,,,
08:20,Maidstone,Pass,EMU,Holbourn Viaduct,P09.01:140,S09.12/09.13:147,P09.15:149,,,,,,,,,,,,,,,,,,,,,,
08:21,Gillingham,Pass,EMU,Cannon St,S08.21:127,S08.24/08.27:128,S08.28/08.29:130,T08.30:133,,,,,,,,,,,,,,,,,,,,,
08:23,Bickley,Pass,EMU,Holbourn Viaduct,S08.23:146,S08.25/08.26:148,S08.29:150,S08.32:152,S08.34:155,S08.36:156,S08.39:157,S08.41:158,T08.46:162,,,,,,,,,,,,,,,,
08:23,Sevenoaks,Pass,EMU,Blackfriars,S08.24:140,S08.29:142,S08.34:145,S08.36/08.37:147,S08.40:149,,,,,,,,,,,,,,,,,,,,
08:25,Ramsgate,XP,WC,Victoria,S08.25:101,S08.29:103,S08.33:104,S08.39/08.41:106,S08.46:107,S08.59/09.00:111,S09.08:114,P09.18:116,P09.25:120,P09.34:126,P09.37:128,P09.39:130,P09.51:136,P10.01:141,P10.10:147,P10.12:152,P10.20:160,P10.21:163,T10.27:167,,,,,,
08:30,Ramsgate,Light,WC,Margate,S08.30:101,T08.46:105,,,,,,,,,,,,,,,,,,,,,,,
08:31,Orpington,Pass,EMU,Holbourn Viaduct,P08.36:144,S08.38:146,S08.40/08.41:148,S08.43:150,S08.46:152,S08.48:155,S08.50:156,S08.53:157,S08.55:158,S08.58:161,,,,,,,,,,,,,,,
08:33,Orpington,Pass,EMU,Holbourn Viaduct,S08.33:146,S08.35/08.36:148,S08.38:150,S08.41:152,S08.43:155,S08.45:156,S08.48:157,S08.50:158,S08.53:161,,,,,,,,,,,,,,,,
08:37,Gillingham,Pass,EMU,Charing Cross,S08.37:127,S08.40/08.43:128,S08.44/08.45:130,T08.46:133,,,,,,,,,,,,,,,,,,,,,
08:43,Orpington,Pass,EMU,Victoria,P08.48:144,S08.49:146,S08.51/08.52:148,S08.55:150,S08.58:152,S09.00:155,S09.02:156,S09.05:157,S09.07:158,S09.11:161,S09.14:163,T09.20:167,,,,,,,,,,,,,
08:43,Gillingham,Pass,EMU,Victoria,S08.43:127,S08.45/08.47:128,S08.48/08.49:130,P08.51:133,P09.00:136,S09.12:141,S09.21/09.22:147,P09.26:152,P09.33:160,P09.34:163,T09.41:167,,,,,,,,,,,,,,
08:44,Ramsgate,Pass,E1 4-4-0,Chatham,S08.44:101,S08.48:103,S08.52:104,S08.58/09.01:106,S09.06:107,S09.11:108,S09.22/09.23:111,S09.29:113,S09.34:114,S09.44/09.47:116,S09.56:118,S10.02/10.03:120,S10.17/10.18:126,T10.22:128,,,,,,,,,,,
08:49,Sole St,Pass,EMU,Swanley,S08.49:136,S08.52:137,S08.56:301,S09.01:139,T09.06:141,,,,,,,,,,,,,,,,,,,,
08:53,Bickley,Pass,EMU,Holbourn Viaduct,S08.53:146,S08.55/08.56:148,S08.59:150,S09.02:152,S09.04:155,S09.06:156,S09.10:158,T09.13:162,,,,,,,,,,,,,,,,,
08:57,Maidstone,Pass,EMU,Holbourn Viaduct,S09.40/09.41:148,P09.43:150,P09.45:152,T09.52:162,,,,,,,,,,,,,,,,,,,,,
08:57,Sittingbourne,Light,C0-6-0,Gillingham,S08.57:300,T09.14:127,,,,,,,,,,,,,,,,,,,,,,,
08:59,Herne Hill,Pass,EMU,Victoria,S08.59:160,S09.01:163,T09.06:167,,,,,,,,,,,,,,,,,,,,,,
09:00,Orpington,Pass,EMU,Victoria,P09.05:144,S09.09:146,S09.10/09.11:148,S09.14:150,S09.17:152,S09.19:155,S09.21:156,S09.24:157,S09.26:158,S09.28:161,S09.30:163,T09.37:167,,,,,,,,,,,,,
09:02,Sevenoaks,Pass,EMU,Holbourn Viaduct,S09.24:141,S09.29:142,S09.34:145,S09.36/09.37:147,T09.40:149,,,,,,,,,,,,,,,,,,,,
09:04,Swanley,Pass,EMU,Holbourn Viaduct,S09.04:141,S09.09:142,S09.14:145,S09.16/09.17:147,S09.20:149,,,,,,,,,,,,,,,,,,,,
09:08,Sittingbourne,Pass,2-6-2T,Sheerness,S09.08:120,P09.09:509,P09.10:506,S09.13:512,S09.19:514,S09.24:515,T09.30:516,,,,,,,,,,,,,,,,,,
09:10,Gillingham,Pass,EMU,Charing Cross,S09.10:127,S09.13/09.15:128,S09.17/09.18:130,T09.19:133,,,,,,,,,,,,,,,,,,,,,
09:16,Orpington,Pass,EMU,Victoria,P09.21:144,S09.23:146,S09.26/09.31:148,S09.34:150,S09.37:152,S09.39:155,S09.41:156,S09.44:157,S09.46:158,S09.48:161,S09.50:163,T09.56:167,,,,,,,,,,,,,
09:20,Dover,XP,WC,Victoria,P10.09:116,P10.17:120,P10.27:126,S10.30/10.32:128,P10.34:130,P10.35:133,P10.47:136,P10.59:141,S11.08/11.09:147,P11.13:152,P11.21:160,P11.22:163,T11.28:167,S09.20:174,S09.27:175,S09.36:176,S09.42:178,S09.52/09.54:181,,,,,,,
09:22,Sevenoaks,Pass,EMU,Holbourn Viaduct,S09.41:141,S09.46:142,S09.51:145,S09.54/09.57:147,S10.00:149,,,,,,,,,,,,,,,,,,,,
09:25,Ramsgate,XP,BR5 4-6-0,Victoria,P10.39:130,P10.40:133,P10.51:136,P11.01:141,,,,,,,,,,,,,,,,,,,,,
09:40,Chatham,ECS,EMU,Stewarts Lane,S09.40:129,P09.44:131,P09.45:133,P10.00:136,P10.14:141,P10.19:142,P10.22:147,P10.27:154,P10.38:160,P10.40:163,T10.43:166,,,,,,,,,,,,,,
09:40,Gillingham,Pass,EMU,Cannon St,S09.40:127,S09.43/09.44:128,S09.45/09.46:130,T09.47:133,,,,,,,,,,,,,,,,,,,,,
09:40,Herne Hill,Pass,EMU,Victoria,S09.40:160,S09.42:163,T09.48:167,,,,,,,,,,,,,,,,,,,,,,
09:42,Orpington,Pass,EMU,Victoria,P09.47:144,S09.49:146,S09.51/09.52:148,S09.54:150,S09.57:152,S09.59:155,S10.01:156,S10.05:157,S10.06:158,S10.09:161,S10.11:163,T10.16:167,,,,,,,,,,,,,
09:42,Sevenoaks,Pass,EMU,Holbourn Viaduct,S10.04:141,S10.09:142,S10.14:145,S10.16/10.17:147,S10.20:149,,,,,,,,,,,,,,,,,,,,
09:42,Ashford,Pass,2-6-2T,Margate,S10.50:101,S10.54:103,S10.58:104,T11.04:106,,,,,,,,,,,,,,,,,,,,,
09:45,Gillingham,ECS,C0-6-0,Strood,S09.45:127,P09.49:128,P09.52:130,T09.53:133,,,,,,,,,,,,,,,,,,,,,
09:54,Gillingham,Pass,EMU,Victoria,S09.54:127,S09.57/09.59:128,S10.00/10.01:130,P10.03:133,S10.13:136,S10.15:137,S10.20:301,S10.24:139,S10.32:141,S10.42/10.43:147,P10.47:152,P10.53:160,T10.59:167,,,,,,,,,,,,
09:58,Herne Hill,Pass,EMU,Victoria,S09.58:160,S10.00:163,T10.06:167,,,,,,,,,,,,,,,,,,,,,,
09:58,Ashford,Goods,N2-6-0,Hither Green,P12.15:140,T12.22:143,,,,,,,,,,,,,,,,,,,,,,,
10:00,Dover,Goods,N2-6-0,Hoo Junction,S12.06/12.35:117,P12.53:120,P13.17:126,P13.22:128,T13.29:133,P10.10:174,P10.30:176,S10.35/11.14:177,P11.39:181,P11.57:182,,,,,,,,,,,,,,,
10:00,Gillingham,Goods,C0-6-0,?,S10.00:127,P10.05:128,P10.08:130,T10.10:132,,,,,,,,,,,,,,,,,,,,,
10:02,Orpington,Pass,EMU,Victoria,P10.07:144,S10.09:146,S10.11/10.12:148,S10.14:150,S10.17:152,S10.19:155,S10.21:156,S10.25:157,S10.26:158,S10.29:161,S10.31:163,T10.36:167,,,,,,,,,,,,,
10:02,Sevenoaks,Pass,EMU,Holbourn Viaduct,S10.24:141,S10.29:142,S10.34:145,S10.36/10.37:147,T10.40:149,,,,,,,,,,,,,,,,,,,,
10:08,Gillingham,Pass,EMU,Charing Cross,S10.08:127,S10.11/10.15:128,S10.16/10.17:130,T10.18:133,,,,,,,,,,,,,,,,,,,,,
10:12,Tonbridge,Pass,C0-6-0,Margate,S12.34:101,S12.38:103,S12.42:104,T12.48:105,,,,,,,,,,,,,,,,,,,,,
10:19,Sittingbourne,Pass,H0-4-4T,Sheerness,S10.19:120,P10.20:509,P10.21:506,S10.24:512,S10.33:515,T10.39:516,,,,,,,,,,,,,,,,,,,
10:20,Orpington,Pass,EMU,Victoria,P10.25:144,S10.29:146,S10.31/10.32:148,S10.34:150,S10.37:152,S10.39:155,S10.41:156,S10.45:157,S10.46:158,S10.49:161,S10.51:163,T10.56:167,,,,,,,,,,,,,
10:22,Sevenoaks,Pass,EMU,Holbourn Viaduct,S10.41:141,S10.46:142,S10.51:145,S10.54/10.57:147,S11.00:149,,,,,,,,,,,,,,,,,,,,
10:35,Chatham,ECS,E1 4-4-0,Strood,S10.35:128,P10.37:130,T10.38:133,,,,,,,,,,,,,,,,,,,,,,
10:40,Gillingham,Pass,EMU,Cannon St,S10.40:127,S10.43/10.47:128,S10.48/10.49:130,T10.50:133,,,,,,,,,,,,,,,,,,,,,
10:42,Orpington,Pass,EMU,Victoria,P10.47:144,S10.49:146,S10.51/10.52:148,S10.54:150,S10.57:152,S10.59:155,S11.01:156,S11.04:157,S11.06:158,S11.09:161,S11.11:163,T11.16:167,,,,,,,,,,,,,
10:42,Sevenoaks,Pass,EMU,Holbourn Viaduct,S11.04:141,S11.09:142,S11.14:145,S11.16/11.17:147,S11.20:149,,,,,,,,,,,,,,,,,,,,
10:45,Ashford,Pass,V4-4-0,Margate,S11.44:101,S11.48:103,S11.52:104,T11.58:106,,,,,,,,,,,,,,,,,,,,,
10:48,Orpington,Pass,EMU,Bickley,P10.52:144,T10.54:146,,,,,,,,,,,,,,,,,,,,,,,
10:54,Gillingham,Pass,EMU,Victoria,S10.54:127,S10.57/10.59:128,S11.00/11.01:130,P11.03:133,S11.13:136,S11.15:137,S11.20:301,S11.24:139,S11.32:141,S11.42/11.43:147,P11.47:152,P11.53:160,T11.59:167,,,,,,,,,,,,
11:00,Orpington,Pass,EMU,Victoria,P11.05:144,S11.09:146,S11.11/11.12:148,S11.14:150,S11.17:152,S11.19:155,S11.21:156,S11.24:157,S11.26:158,S11.28:161,S11.30:163,T11.36:167,,,,,,,,,,,,,
11:00,Sheperdswell,Goods,N2-6-0,Hoo Junction,S11.52/12.02:117,P12.18:120,S12.42/12.44:126,P12.48:128,P12.52:130,T12.54:133,S11.00:176,P11.24:181,P11.42:182,,,,,,,,,,,,,,,,
11:00,Sittingbourne,Pass,2-6-2T,Sheerness,S11.00:120,P11.01:509,P11.02:506,S11.05:512,S11.14:514,S11.19:515,T11.29:516,,,,,,,,,,,,,,,,,,
11:02,Sevenoaks,Pass,EMU,Holbourn Viaduct,S11.24:141,S11.29:142,S11.34:145,S11.36/11.37:147,T11.40:149,,,,,,,,,,,,,,,,,,,,
11:07,Gillingham,Pass,EMU,Charing Cross,S11.07:127,S11.10/11.12:128,S11.13/11.14:130,T11.15:133,,,,,,,,,,,,,,,,,,,,,
11:15,Ramsgate,XP,BR4 2-6-0,Victoria,S11.15:101,S11.19:103,S11.23:104,S11.29/11.32:106,S11.37:107,S11.42:108,S11.54/11.56:111,S12.02:113,S12.08:114,S12.18/12.24:116,S12.33:118,S12.39/12.42:120,S12.50:124,S12.56:125,S13.01/13.02:126,S13.06/13.11:128,S13.13/13.14:130,P13.16:133,P13.29:136,P13.40:141,S13.49/13.51:147,P13.55:152,P14.03:160,P14.04:163,T14.10:167
11:15,Charing Cross,XP,WC,Margate,S14.17:101,S14.21:103,S14.25:104,T14.41:105,,,,,,,,,,,,,,,,,,,,,
11:19,Dover,Pass,D1 4-4-0,Faversham,T12.16:117,S11.19:174,S11.25:175,S11.32:176,S11.37:177,S11.40:178,S11.43:179,S11.49:180,S11.54/11.57:181,S12.10:182,,,,,,,,,,,,,,,
11:22,Orpington,Pass,EMU,Victoria,P11.27:144,S11.29:146,S11.31/11.32:148,S11.34:150,S11.37:152,S11.39:155,S11.41:156,S11.44:157,S11.46:158,S11.48:161,S11.51:163,T11.56:167,,,,,,,,,,,,,
11:22,Sevenoaks,Pass,EMU,Holbourn Viaduct,S11.44:141,S11.49:142,S11.54:145,S11.56/11.57:147,T12.00:149,,,,,,,,,,,,,,,,,,,,
11:24,Chatham,Goods,N2-6-0,Hoo Junction,S11.24:132,T11.28:133,,,,,,,,,,,,,,,,,,,,,,,
11:42,Orpington,Pass,EMU,Victoria,P11.47:144,S11.49:146,S11.51/11.52:148,S11.54:150,S11.57:152,S11.59:155,S12.01:156,S12.04:157,S12.06:158,S12.09:161,S12.11:163,T12.16:167,,,,,,,,,,,,,
11:42,Sevenoaks,Pass,EMU,Holbourn Viaduct,S12.12:144,S12.14:145,S12.16/12.17:147,S12.20:149,,,,,,,,,,,,,,,,,,,,,
11:42,Gillingham,Pass,EMU,Cannon St,S11.42:127,S11.45/11.47:128,S11.48/11.49:130,T11.50:133,,,,,,,,,,,,,,,,,,,,,
11:53,Sittingbourne,Pass,C0-6-0,Sheerness,S11.53:120,P11.54:509,P11.55:506,S11.58:512,S12.04:514,S12.07:515,T12.13:516,,,,,,,,,,,,,,,,,,
11:54,Gillingham,Pass,EMU,Victoria,S11.54:127,S11.57/11.59:128,S12.00/12.01:130,P12.03:133,S12.13:136,S12.15:137,S12.20:301,S12.24:139,S12.32:141,S12.42/12.43:147,P12.47:152,P12.53:160,T12.59:167,,,,,,,,,,,,
11:59,Ramsgate,Goods,C0-6-0,Broadstairs,S11.59:101,T12.10:104,,,,,,,,,,,,,,,,,,,,,,,
12:02,Orpington,Pass,EMU,Victoria,P12.07:144,S12.09:146,S12.11/12.12:148,S12.14:150,S12.17:152,S12.19:155,S12.21:156,S12.24:157,S12.26:158,S12.28:161,S12.31:163,T12.36:167,,,,,,,,,,,,,
12:02,Sevenoaks,Pass,EMU,Holbourn Viaduct,S12.24:141,S12.29:142,S12.34:145,S12.36/12.37:147,T12.40:149,,,,,,,,,,,,,,,,,,,,
12:07,Gillingham,Pass,EMU,Charing Cross,S12.07:127,S12.10/12.12:128,S12.13/12.14:130,T12.15:133,,,,,,,,,,,,,,,,,,,,,
12:15,Gillingham,ECS,2-6-2T,Chatham,S12.15:126,T12.20:128,,,,,,,,,,,,,,,,,,,,,,,
12:22,Orpington,Pass,EMU,Victoria,P12.27:144,S12.29:146,S12.31/12.32:148,S12.34:150,S12.37:152,S12.39:155,S12.41:156,S12.44:157,S12.46:158,S12.48:161,S12.51:163,T12.56:167,,,,,,,,,,,,,
12:22,Sevenoaks,Pass,EMU,Holbourn Viaduct,S12.44:141,S12.49:142,S12.54:145,S12.56/12.57:147,T13.00:149,,,,,,,,,,,,,,,,,,,,
12:28,Maidstone,Pass,2-6-2T,Margate,S14.25:101,S14.29:103,S14.33:104,T14.39:105,,,,,,,,,,,,,,,,,,,,,
12:37,Dover,Pass,E1 4-4-0,Gillingham,S13.30/13.32:117,S13.41:118,S13.47/13.48:120,S13.55:124,S14.01:125,T14.06:127,S12.37:174,S12.43:175,S12.50:176,S12.55:177,S12.58:178,S13.01:179,S13.07:180,S13.12/13.14:181,,,,,,,,,,,
12:40,Gillingham,Pass,EMU,Cannon St,S12.40:127,S12.43/12.45:128,S12.47/12.49:130,T12.50:133,,,,,,,,,,,,,,,,,,,,,
12:42,Orpington,Pass,EMU,Victoria,P12.47:144,S12.49:146,S12.51/12.52:148,S12.54:150,S12.57:152,S12.59:155,S13.01:156,S13.04:157,S13.06:158,S13.09:161,S13.11:163,T13.16:167,,,,,,,,,,,,,
12:42,Sevenoaks,Pass,E1 4-4-0,Holbourn Viaduct,S13.04:141,S13.09:142,S13.14:145,S13.16/13.17:147,S13.20:149,,,,,,,,,,,,,,,,,,,,
12:45,Dover,Light,N1 2-6-0,Shepherdswell,S12.45:174,T13.05:176,,,,,,,,,,,,,,,,,,,,,,,
12:54,Gillingham,Pass,EMU,Victoria,S12.54:127,S12.57/12.58:128,S13.00/13.01:130,P13.03:133,S13.13:136,S13.15:137,S13.20:301,S13.24:139,S13.32:141,S13.31/13.32:146,S13.34:150,S13.37:152,S13.39:155,S13.41:156,S13.44:157,S13.46:158,S13.48:161,S13.51:163,T13.56:167,,,,,,
12:56,Chatham,Pass,2-6-2T,Sheerness,S13.26:120,P13.27:509,P13.28:511,S13.31:512,S13.42:515,T13.48:516,,,,,,,,,,,,,,,,,,,
13:00,Orpington,Pass,EMU,Victoria,P13.05:144,S13.09:146,S13.11/13.12:148,S13.14:150,S13.17:152,S13.19:155,S13.21:156,S13.24:157,S13.26:158,S13.29:161,S13.31:163,T13.36:167,,,,,,,,,,,,,
13:02,Sevenoaks,Pass,EMU,Holbourn Viaduct,S13.24:141,S13.29:142,S13.34:145,S13.36/13.37:147,T13.40:149,,,,,,,,,,,,,,,,,,,,
13:05,Dover,Pass,L4-4-0,Faversham,T14.02:117,S13.05:174,S13.11:175,S13.19:176,S13.24:177,S13.27:178,S13.30:179,S13.36:180,S13.41/13.43:181,S13.56:182,,,,,,,,,,,,,,,
13:10,Ramsgate,XP,brs,Victoria,S13.10:101,S13.14:103,S13.18:104,S13.25/13.29:106,S13.34:107,S13.39:108,S13.50/13.52:111,S13.58:113,S14.03:114,S14.13/14.19:116,S14.30/14.32:120,S14.45/14.46:126,S14.50/14.53:128,P14.55:130,P14.56:133,P15.09:136,P15.19:141,P15.26:145,S15.28/16.29:147,P15.31:149,P15.33:152,P15.41:160,T15.48:167,,
13:10,Dover,Boat,MN 4-6-2,Victoria,P14.43:144,P14.46:148,P14.48:150,T14.50:153,,,,,,,,,,,,,,,,,,,,,
13:10,Gillingham,Pass,EMU,Charing Cross,S13.10:127,S13.13/13.15:128,S13.16/13.17:130,T13.18:133,,,,,,,,,,,,,,,,,,,,,
13:15,Charing Cross,XP,wc,Margate,S16.02:101,S16.06:103,S16.10:104,T16.16:105,,,,,,,,,,,,,,,,,,,,,
13:20,Whitstable,Goods,N2-6-0,Faversham,S13.20:114,S13.27/13.29:115,T13.50:117,,,,,,,,,,,,,,,,,,,,,,
13:22,Orpington,Pass,EMU,Victoria,P13.27:144,S13.29:146,S13.31/13.32:148,S13.34:150,S13.37:152,S13.39:155,S13.41:156,S13.44:157,S13.46:158,S13.48:161,S13.51:163,T13.56:167,,,,,,,,,,,,,
13:22,Sevenoaks,Pass,EMU,Holbourn Viaduct,S13.44:141,S13.49:142,S13.54:145,S13.56/13.57:147,T14.00:149,,,,,,,,,,,,,,,,,,,,
13:40,Gillingham,Pass,EMU,Charing Cross,S13.40:127,S13.43/13.47:128,S13.48/13.49:130,T13.50:133,,,,,,,,,,,,,,,,,,,,,
13:42,Orpington,Pass,EMU,Holbourn Viaduct,S14.04:141,S14.09:142,S14.14:145,S14.16/14.17:147,T14.20:149,S14.09:161,,,,,,,,,,,,,,,,,,,
13:54,Gillingham,Pass,EMU,Victoria,S13.54:127,S13.57/13.58:128,S14.00/14.01:130,P14.03:133,S14.13:136,S14.15:137,S14.20:301,S14.24:139,S14.32:141,S14.42/14.43:147,P14.47:152,P14.43:160,T14.59:167,,,,,,,,,,,,
13:55,Ramsgate,XP,brs,Victoria,S13.55:101,S13.59:103,S14.03:104,S14.09/14.12:106,S14.17:107,S14.22:108,S14.33/14.35:111,S14.41:113,S14.47:114,S14.57/15.01:116,P15.11:120,P15.22:126,P15.27:130,P15.28:133,P15.39:136,P15.50:141,S15.59/16.00:147,P16.04:152,P16.12:160,P16.13:163,T16.20:167,,,,
13:55,Snowdown,Goods,N2-6-0,Chatham Goods,S14.50/15.20:117,P15.36:300,P15.58:126,P16.00:128,T16.05:132,S13.55:177,P14.20:181,,,,,,,,,,,,,,,,,,
13:55,Sittingbourne,Pass,C0-6-0,Sheerness,S13.55:120,P13.56:509,P13.57:506,S14.00:512,S14.06:514,S14.10:515,T14.20:516,,,,,,,,,,,,,,,,,,
14:00,Ramsgate,Light,4MTT,Margate,S14.00:101,T14.17:105,,,,,,,,,,,,,,,,,,,,,,,
14:02,Orpington,Pass,EMU,Victoria,P14.07:144,S14.09:146,S14.11/14.12:148,S14.14:150,S14.17:152,S14.19:155,S14.21:156,S14.24:157,S14.26:158,S14.29:161,S14.31:163,T14.36:167,,,,,,,,,,,,,
14:02,Town,Goods,N2-6-0,Faversham ?,T19.18:117,S14.27/14.45:176,S14.55/16.10:179,S16.20/16.34:180,S16.44/18.25:181,S18.48/19.08:182,,,,,,,,,,,,,,,,,,,
14:02,Sevenoaks,Pass,EMU,Holbourn Viaduct,S14.24:141,S14.29:142,S14.34:145,S14.36/14.37:147,T14.40:149,,,,,,,,,,,,,,,,,,,,
14:08,Sheerness,Pass,2-6-2T,Gillingham,P14.25:511,T14.36:127,,,,,,,,,,,,,,,,,,,,,,,
14:10,Gillingham,Pass,EMU,Charing Cross,S14.10:127,S14.13/14.15:128,S14.16/14.17:130,T14.18:133,,,,,,,,,,,,,,,,,,,,,
14:22,Orpington,Pass,EMU,Victoria,P14.27:144,S14.29:146,S14.31/14.32:148,S14.34:150,S14.37:152,S14.39:155,S14.41:156,S14.44:157,S14.46:158,S14.49:161,S14.51:163,T14.56:167,,,,,,,,,,,,,
14:22,Sevenoaks,Pass,EMU,Holbourn Viaduct,S14.44:141,S14.49:142,S14.54:145,S14.56/14.57:147,T15.00:149,,,,,,,,,,,,,,,,,,,,
14:22,Gillingham,parcels,C0-6-0,Strood,S14.22:126,S14.26/14.43:129,S14.45/14.56:131,T14.57:133,,,,,,,,,,,,,,,,,,,,,
14:32,Gillingham,Pass,EMU,Charing Cross,S14.32:127,S14.35/14.37:128,S14.38/14.39:130,T14.40:133,,,,,,,,,,,,,,,,,,,,,
14:35,Orpington,Pass,EMU,Holbourn Viaduct,P14.41:144,S14.42:145,S14.44/14.46:147,T14.49:149,S15.09:161,,,,,,,,,,,,,,,,,,,,
14:40,Dover,Pass,2-6-4T,Canterbury East,S14.40:174,S14.46:175,S14.54:176,S14.59:177,S15.02:178,S15.05:179,S15.11:180,T15.16:181,,,,,,,,,,,,,,,,,
14:41,Gillingham,Pass,EMU,Cannon St,S14.41:127,S14.44/14.47:128,S14.48/14.49:130,T14.50:133,,,,,,,,,,,,,,,,,,,,,
14:42,Orpington,Pass,EMU,Victoria,P14.47:144,S14.49:146,S14.51/14.52:148,S14.54:150,S14.57:152,S14.59:155,S15.01:156,S15.04:157,S15.06:158,S15.08:161,S15.11:163,T15.16:167,,,,,,,,,,,,,
14:42,Sevenoaks,Pass,EMU,Holbourn Viaduct,S15.04:141,S15.09:142,S15.14:145,S15.16/15.17:147,S15.20:149,,,,,,,,,,,,,,,,,,,,
14:43,Sittingbourne,Pass,C0-6-0,Sheerness,S14.43:120,P14.44:509,P14.45:506,S14.48:512,S14.54:514,S14.59:515,T15.05:516,,,,,,,,,,,,,,,,,,
14:54,Gillingham,Pass,EMU,Victoria,S14.54:127,S14.57/14.58:128,S15.00/15.01:130,P15.03:133,S15.13:136,S15.15:137,S15.20:301,S15.24:139,S15.32:141,S15.42/15.43:147,P15.45:149,P15.47:152,P15.55:163,T16.00:167,,,,,,,,,,,
14:57,Gillingham,ECS,D1 4-4-0,Chatham,S14.57:127,T15.01:129,,,,,,,,,,,,,,,,,,,,,,,
15:00,Canterbury,Pass,2-6-4T,Margate,S15.33:101,S15.37:103,S15.40:104,T15.47:105,,,,,,,,,,,,,,,,,,,,,
15:02,Orpington,Pass,EMU,Victoria,P15.07:144,S15.09:146,S15.11/15.12:148,S15.14:150,S15.17:152,S15.19:155,S15.21:156,S15.24:157,S15.26:158,S15.29:161,S15.31:163,T15.36:167,,,,,,,,,,,,,
15:04,Sevenoaks,Pass,EMU,Holbourn Viaduct,S15.24:141,S15.29:142,S15.34:145,S15.36/15.37:147,T15.40:149,,,,,,,,,,,,,,,,,,,,
15:10,Gillingham,Pass,EMU,Charing Cross,S15.10:127,S15.13/15.15:128,S15.16/15.17:130,T15.18:133,,,,,,,,,,,,,,,,,,,,,
15:11,Faversham,Pass,2-6-2T,Chatham,S15.11:116,S15.20:118,S15.26/15.28:120,S15.35:124,S15.41:125,S15.46/15.47:126,T15.51:129,,,,,,,,,,,,,,,,,,
15:18,Orpington,Pass,EMU,Victoria,P15.23:144,S15.29:146,S15.31/15.32:148,S15.35:150,S15.38:152,S15.40:155,S15.42:156,S15.45:157,S15.47:158,S15.49:161,S15.51:163,T15.57:167,,,,,,,,,,,,,
15:22,Ramsgate,XP,Brs 4-6-0,Victoria,S15.22:101,S15.26:103,S15.31:104,S15.37/15.40:106,S15.45:107,S15.50:108,S16.02/16.04:111,S16.10:113,S16.16:114,S16.26/16.31:116,S16.40:118,S16.46/16.48:120,S17.01/17.02:126,S17.06/17.10:128,P17.12:130,P17.13:133,P17.27:136,P17.39:141,S17.48/17.50:147,P17.54:152,P18.03:160,P18.04:163,T18.12:167,,
15:22,Sevenoaks,Pass,EMU,Holbourn Viaduct,S15.44:141,S15.49:142,S15.54:145,S15.56/15.57:147,T16.00:149,,,,,,,,,,,,,,,,,,,,
15:28,Dover,Pass,2-6-2T,Faversham,T16.23:117,S15.28:174,S15.34:175,S15.41:176,S15.45:177,S15.48:178,S15.51:179,S15.57:180,S16.02/16.04:181,S16.17:182,,,,,,,,,,,,,,,
15:36,Maidstone,Pass,2-6-4T,Margate,S17.35:101,S17.39:103,S17.43:104,T17.49:105,,,,,,,,,,,,,,,,,,,,,
15:42,Orpington,Pass,EMU,Victoria,P15.47:144,S15.49:146,S15.51/15.52:148,S15.54:150,S15.57:152,S15.59:155,S16.01:156,S16.04:157,S16.06:158,S16.08:161,S16.11:163,T16.16:167,,,,,,,,,,,,,
15:42,Sevenoaks,Pass,EMU,Holbourn Viaduct,S16.04:141,S16.09:142,S16.14:145,S16.16/16.17:147,S16.20:149,,,,,,,,,,,,,,,,,,,,
15:42,Gillingham,Pass,EMU,Cannon St,S15.42:127,S15.45/15.47:128,S15.48/15.49:130,T15.50:133,,,,,,,,,,,,,,,,,,,,,
15:45,Margate,Goods,C0-6-0,Faversham,S15.45:106,P15.50:107,S15.55/16.20:108,S16.40/18.10:112,S18.18/18.28:113,T18.45:117,,,,,,,,,,,,,,,,,,,
15:51,Bickley,Pass,EMU,Holbourn Viaduct,S15.51:146,S15.53/15.54:148,T15.56:150,,,,,,,,,,,,,,,,,,,,,,
15:54,Gillingham,Pass,EMU,Victoria,S15.54:127,S15.57/15.58:128,S16.00/16.01:130,P16.03:133,S16.13:136,S16.15:137,S16.20:301,S16.24:139,S16.33:141,S16.42/16.43:147,P16.45:149,P16.47:152,P16.53:160,P16.55:163,T17.00:167,,,,,,,,,,
16:00,Sittingbourne,Pass,2-6-2T,Sheerness,S16.00:120,P16.01:509,P16.02:506,S16.05:512,S16.11:514,S16.16:515,T16.26:516,,,,,,,,,,,,,,,,,,
16:02,Orpington,Pass,EMU,Victoria,P16.07:144,S16.09:146,S16.11/16.12:148,S16.14:150,S16.17:152,S16.19:155,S16.21:156,S16.24:157,S16.26:158,S16.29:161,S16.31:163,T16.36:167,,,,,,,,,,,,,
16:02,Sevenoaks,Pass,EMU,Holbourn Viaduct,S16.24:141,S16.29:142,S16.34:145,S16.36/16.37:147,T16.40:149,,,,,,,,,,,,,,,,,,,,
16:10,Gillingham,Pass,EMU,Charing Cross,S16.10:127,S16.13/16.15:128,S16.16/16.17:130,T16.18:133,,,,,,,,,,,,,,,,,,,,,
16:12,Tonbridge,Pass,L4-4-0,Faversham,S18.30:101,S18.34:103,S18.38:104,S18.44/18.47:106,S18.52:107,S18.57:108,S19.09/19.11:111,S19.20:114,T19.30:116,,,,,,,,,,,,,,,,
16:15,Ramsgate,Pass,Brs 4-6-0,Victoria,S16.15:101,S16.19:103,S16.23:104,S16.30/16.34:106,S16.39:107,S16.44:108,S16.55/16.57:111,S17.03:113,S17.09:114,S17.19/17.25:116,S17.36/17.38:120,S17.46:124,S17.52:125,S17.57/17.59:126,S18.03/18.20:129,P18.22:130,P18.23:133,P18.36:136,S18.51:141,S19.01/19.03:147,S19.07:152,P19.15:160,P19.16:163,T19.22:167,
16:15,Charing Cross,XP,WC,Margate,S18.39:101,S18.43:103,S18.47:104,T18.53:105,,,,,,,,,,,,,,,,,,,,,
16:18,Dover,Pass,L4-4-0,Faversham,T17.16:117,S16.18:174,S16.24:175,S16.31:176,S16.35:177,S16.38:178,S16.41:179,S16.49:180,S16.54/16.57:181,S17.10:182,,,,,,,,,,,,,,,
16:20,Canterbury,Goods,N2-6-0,Blackfriars,S16.54/17.30:117,S17.42/18.21:118,S18.27/18.56:300,S19.07/19.28:124,S19.34/20.10:125,P20.18:126,P20.22:128,P20.26:130,T20.28:133,S16.20:181,S16.38:182,,,,,,,,,,,,,,
16:22,Sevenoaks,Pass,EMU,Holbourn Viaduct,P16.53:144,S16.54:145,S16.56/16.57:147,T17.00:149,,,,,,,,,,,,,,,,,,,,,
16:23,Orpington,Pass,EMU,Victoria,P16.28:144,S16.29:146,S16.31/16.32:148,S16.35:150,S16.38:152,S16.40:155,S16.42:156,S16.45:157,S16.47:158,S16.49:161,S16.51:163,T16.57:167,,,,,,,,,,,,,
16:39,Orpington,Pass,EMU,Victoria,P16.44:144,S16.45:146,S16.47/16.48:148,S16.52:150,S16.56:152,S16.58:155,S17.00:156,S17.04:157,S17.06:158,S17.08:161,S17.10:163,,,,,,,,,,,,,,
16:40,Gillingham,Pass,EMU,Cannon St,S16.40:127,S16.43/16.45:128,S16.47/16.49:130,T16.50:133,,,,,,,,,,,,,,,,,,,,,
16:42,Bickley,Pass,EMU,Holbourn Viaduct,S16.42:146,S16.44/16.45:148,S16.48:150,S16.51:152,S16.53:155,S16.55:156,S16.58:157,S17.00:158,T17.04:162,,,,,,,,,,,,,,,,
16:48,Sevenoaks,Pass,EMU,Holbourn Viaduct,S17.08:141,S17.13:142,S17.18:145,S17.19/17.24:147,S17.27:149,,,,,,,,,,,,,,,,,,,,
16:49,Maidstone,Pass,EMU,Victoria,S17.29:140,S17.39/17.40:147,P17.43:149,P17.46:152,P17.53:161,P17.54:163,T17.59:167,,,,,,,,,,,,,,,,,,
16:54,Gillingham,Pass,EMU,Victoria,S16.54:127,S16.57/16.59:128,S17.00/17.01:130,P17.03:133,S17.13:136,S17.15:137,S17.20:301,S17.24:139,S17.33:141,S17.43/17.44:147,P17.46:149,P17.50:152,S17.57:160,P17.58:163,T18.03:167,,,,,,,,,,
16:56,Sittingbourne,Pass,2-6-2T,Sheerness,S16.56:120,P16.57:509,P16.58:506,S17.01:512,S17.07:514,S17.11:515,T17.21:516,,,,,,,,,,,,,,,,,,
16:58,Dover,Boat,br7,Victoria,P18.10:144,P18.13:147,P18.16:152,P18.23:160,P18.24:163,T18.30:167,,,,,,,,,,,,,,,,,,,
17:03,Sole St,Goods,C0-6-0,Farningham Road,S17.03:136,S17.08/17.35:137,S17.43/18.00:301,P18.05:138,T18.14:139,,,,,,,,,,,,,,,,,,,,
17:04,Sevenoaks,Pass,EMU,Holbourn Viaduct,S17.24:141,S17.29:142,S17.34:145,S17.36/17.37:147,T17.40:149,,,,,,,,,,,,,,,,,,,,
17:05,Ramsgate,Pullman,WC,Victoria,S17.05:101,S17.09:103,S17.13:104,S17.19/17.21:106,S17.36/17.38:111,S17.47:114,P17.57:116,P18.05:120,P18.14:126,S18.17:128,P18.19:130,P18.20:133,P18.40:141,P18.46:145,S18.48:147,P18.51:152,P18.58:160,P18.59:163,T19.05:167,,,,,,
17:05,Orpington,ECS,EMU,Victoria,P17.06:144,S17.07:146,S17.09/17.10:148,S17.12:150,S17.16:152,S17.18:155,S17.20:156,S17.23:157,S17.25:158,S17.28:161,S17.30:163,T17.35:167,,,,,,,,,,,,,
17:05,Orpington,Pass,EMU,Holbourn Viaduct,P17.10:144,S17.11:145,S17.13/17.14:147,P17.16:149,S17.33:161,,,,,,,,,,,,,,,,,,,,
17:09,Dover,Pass,2-6-4T,Chatham,S18.01/18.03:117,S18.12:118,S18.18/18.19:120,S18.26:124,S18.32:125,S18.37/18.38:126,T18.42:129,S17.09:174,S17.15:175,S17.21:176,S17.25:177,S17.28:178,S17.31:179,S17.36:180,S17.41/17.42:181,S17.55:182,,,,,,,,,
17:10,Ramsgate,parcels,N2-6-0,Victoria,S17.10:101,S17.24:104,S17.30/18.00:105,S18.04/18.12:107,S18.16/18.22:108,S18.34/19.23:112,S19.31/19.44:114,S19.54/21.15:117,S21.23/21.25:118,S21.34/21.46:300,S21.56/22.01:125,P22.10:129,P22.12:131,P22.13:133,P22.27:136,P22.40:141,P22.49:147,P22.53:152,S23.05/23.16:160,P23.19:163,T23.26:167,,,,
17:10,Gillingham,Pass,EMU,Charing Cross,S17.10:127,S17.13/17.15:128,S17.17/17.18:130,T17.19:133,,,,,,,,,,,,,,,,,,,,,
17:13,Orpington,Pass,EMU,Victoria,P17.18:144,S17.19:146,S17.21/17.22:148,S17.25:150,S17.28:152,S17.32:155,S17.34:156,S17.37:157,S17.40:158,S17.43:161,S17.46:163,T17.51:167,,,,,,,,,,,,,
17:14,Bickley,Pass,EMU,Holbourn Viaduct,S17.14:146,S17.16/17.17:148,S17.20:150,,,,,,,,,,,,,,,,,,,,,,
17:15,Dover,Boat,wc,Victoria,P18.30:144,P18.33:148,P18.36:152,P18.43:161,P18.44:163,T18.50:167,,,,,,,,,,,,,,,,,,,
17:16,Maidstone,Pass,EMU,Victoria,S17.57:140,S18.06/18.08:148,P18.12:152,P18.18:161,P18.19:163,T18.24:167,,,,,,,,,,,,,,,,,,,
17:20,S.Hill,ECS,EMU,Victoria,S17.30:160,P17.32:163,T17.38:167,,,,,,,,,,,,,,,,,,,,,,
17:20,Ashford,Goods,C0-6-0,Hither Green,S01.25:141,P01.35:143,,,,,,,,,,,,,,,,,,,,,,,
17:22,Ramsgate,Pass,Brs 4-6-0,Victoria,S17.22:101,S17.26:103,S17.30:104,S17.36/17.39:106,S17.44:107,S17.49:108,S18.00/18.02:111,S18.08:113,S18.12:114,S18.23/18.36:117,S18.47/18.49:120,S19.01/19.03:126,S19.07/19.10:128,P19.12:130,P19.13:133,P19.25:136,P19.36:141,S19.45/19.47:148,P19.52:152,P20.00:161,P20.01:163,T20.07:167,,,
17:26,Sevenoaks,Pass,EMU,Holbourn Viaduct,S17.45:141,S17.50:142,S17.55:145,S17.56/17.57:147,T18.00:149,,,,,,,,,,,,,,,,,,,,
17:29,Sittingbourne,Pass,2-6-2T,Sheerness,S17.29:120,P17.30:509,P17.31:506,S17.34:512,S17.40:514,S17.44:515,T17.52:516,,,,,,,,,,,,,,,,,,
17:32,Ashford,Pass,2-6-4T,Faversham,T19.27:117,S18.30:174,S18.36:175,S18.44:176,S18.49:177,S18.52:178,S18.55:179,S19.01:180,S19.06/19.08:181,S19.21:182,,,,,,,,,,,,,,,
17:34,Bickley,Pass,EMU,Holbourn Viaduct,S17.34:146,S17.36/17.37:148,P19.39:150,S17.41:152,S17.48:161,T17.49:162,,,,,,,,,,,,,,,,,,,
17:40,Dover,Pass,D1 4-4-0,Faversham,T18.30:117,S17.40:174,S17.46:175,S17.53:176,S17.57:177,S18.09/18.11:181,S18.24:182,,,,,,,,,,,,,,,,,,
17:44,Sevenoaks,Pass,EMU,Holbourn Viaduct,S18.04:141,S18.09:142,S18.16:145,S18.17/18.20:147,S18.27:149,,,,,,,,,,,,,,,,,,,,
17:45,Orpington,Pass,EMU,Holbourn Viaduct,S17.54:146,S17.57/17.58:147,S18.00:150,S18.04:152,S18.06:155,S18.08:156,S18.12:158,T18.15:161,,,,,,,,,,,,,,,,,
17:49,Bickley,Pass,EMU,Victoria,S17.49:146,S17.51/17.52:148,S17.54:150,S17.57:152,S17.59:155,S18.01:156,S18.04:157,S18.06:158,S18.09:161,S18.11:163,T18.16:167,,,,,,,,,,,,,,
17:50,Gillingham,Pass,EMU,Cannon St,S17.50:127,S17.53/17.55:128,S17.56/17.57:130,T17.58:133,,,,,,,,,,,,,,,,,,,,,
17:54,Gillingham,Pass,EMU,Victoria,S17.54:127,S17.57/17.59:128,S18.00/18.01:130,P18.03:133,S18.13:136,S18.15:137,S18.20:301,S18.24:139,S18.33:141,S18.41/18.43:147,P18.47:149,P18.50:152,P18.54:160,P18.55:163,T19.00:167,,,,,,,,,,
17:57,Sittingbourne,Pass,2-6-2T,Sheerness,S17.57:120,P17.58:509,P17.59:506,S18.02:512,S18.08:515,T18.18:516,,,,,,,,,,,,,,,,,,,
17:58,Maidstone,Pass,2-6-4T,Margate,S19.53:101,S19.57:103,S20.01:104,T20.07:105,,,,,,,,,,,,,,,,,,,,,
18:00,Orpington,Pass,EMU,Victoria,P18.05:144,S18.07:146,S18.10/18.14:148,S18.16:150,S18.19:152,S18.21:155,S18.23:156,S18.26:157,S18.28:158,S18.30:161,S18.32:163,T18.38:167,,,,,,,,,,,,,
18:00,Ramsgate,Goods,Brs 4-6-0,Herne Bay?,S18.00:101,S18.10/18.54:104,S19.02/20.08:105,P20.17:107,S20.24/21.08:108,S21.48:112,,,,,,,,,,,,,,,,,,,
18:02,Sevenoaks,Pass,EMU,Holbourn Viaduct,S18.24:141,S18.29:142,S18.34:145,S18.36/18.37:147,T18.40:149,,,,,,,,,,,,,,,,,,,,
18:08,Gillingham,Pass,EMU,Charing Cross,S18.08:127,S18.11/18.12:128,S18.14/18.15:130,T18.16:133,,,,,,,,,,,,,,,,,,,,,
18:10,Dover,Boat,MN 4-6-2,Victoria,P19.29:144,P19.32:147,P19.33:149,P19.35:152,P19.43:160,P19.44:163,T19.50:167,,,,,,,,,,,,,,,,,,
18:20,Orpington,Pass,EMU,Victoria,P18.25:144,S18.30:145,S18.33/18.34:147,S18.36:149,S18.39:152,S18.41:154,S18.43:156,S18.46:157,S18.48:158,S18.50:160,S18.52:163,T18.58:167,,,,,,,,,,,,,
18:20,Bickley,Pass,EMU,Holbourn Viaduct,S18.20:146,S18.22/18.23:148,P18.25:150,P18.27:152,T18.34:160,,,,,,,,,,,,,,,,,,,,
18:22,Sevenoaks,Pass,EMU,Holbourn Viaduct,P18.52:144,S18.54:145,S18.56/18.57:147,T19.00:149,,,,,,,,,,,,,,,,,,,,,
18:42,Orpington,Pass,EMU,Victoria,P18.47:144,S18.49:146,S18.51/18.52:148,S18.54:150,S18.57:152,S18.59:155,S19.01:156,S19.04:157,S19.06:158,S19.08:161,S19.11:163,T19.16:167,,,,,,,,,,,,,
18:42,Sevenoaks,Pass,EMU,Holbourn Viaduct,P19.12:144,S19.14:145,S19.16/19.17:147,S19.20:149,,,,,,,,,,,,,,,,,,,,,
18:42,Gillingham,Pass,EMU,Cannon St,S18.42:127,S18.45/18.47:128,S18.48/18.49:130,T18.50:133,,,,,,,,,,,,,,,,,,,,,
18:50,Dover,Goods,N2-6-0,Hoo Junction,S22.35:102,P22.44:106,P23.14:112,S23.40/01.15:117,P01.35:300,S02.02/02.15:126,P02.18:129,P02.21:131,S02.23/03.05:132,T03.08:133,,,,,,,,,,,,,,,
18:54,Gillingham,Pass,EMU,Victoria,S18.54:127,S18.57/18.59:128,S19.00/19.01:130,P19.03:133,S19.15:137,S19.19:301,S19.24:139,S19.33:141,S19.42/19.43:147,P19.47:149,P19.53:160,P19.54:163,T19.59:167,,,,,,,,,,,,
19:02,Sevenoaks,Pass,EMU,Holbourn Viaduct,S19.24:141,S19.29:142,S19.34:145,S19.36/19.37:147,T19.40:149,,,,,,,,,,,,,,,,,,,,
19:07,Orpington,Pass,EMU,Victoria,P19.12:144,S19.14:146,S19.16/19.17:148,S19.19:150,S19.22:152,S19.25:156,S19.31:161,S19.33:163,T19.38:167,,,,,,,,,,,,,,,,
19:09,Gillingham,Pass,EMU,Charing Cross,S19.09:127,S19.12/19.14:128,S19.15/19.17:130,T19.18:133,,,,,,,,,,,,,,,,,,,,,
19:12,Tonbridge,Pass,L4-4-0,Margate,S21.35:101,S21.39:103,S21.43:104,T21.49:105,,,,,,,,,,,,,,,,,,,,,
19:15,Charing Cross,XP,wc,Margate,S21.48:101,S21.52:103,S21.56:104,T22.02:105,,,,,,,,,,,,,,,,,,,,,
19:17,Teynham,Goods,2-6-2T,Gillingham,S19.23/19.58:300,S20.08/20.58:124,S21.04/21.34:125,T21.40:127,,,,,,,,,,,,,,,,,,,,,
19:20,Orpington,Pass,EMU,Victoria,P19.25:144,S19.30:145,S19.32/19.33:148,S19.35:150,S19.38:152,S19.40:155,S19.42:156,S19.45:157,S19.47:158,S19.50:161,S19.52:163,T19.57:167,,,,,,,,,,,,,
19:22,Sevenoaks,Pass,EMU,Holbourn Viaduct,S19.54:145,S19.56/19.57:147,T20.00:149,,,,,,,,,,,,,,,,,,,,,,
19:35,Ramsgate,Pass,E1 4-4-0,Holbourn Viaduct,S23.18:141,S23.30/23.32:147,P23.34:149,P23.36:152,T23.45:162,,,,,,,,,,,,,,,,,,,,
19:35,Chatham,Goods,N2-6-0,Fawkham ?,S19.35:132,P19.40:133,P20.02:136,T20.10:138,,,,,,,,,,,,,,,,,,,,,
19:35,S'Cliffe,Goods,N2-6-0,Faversham,S00.50:117,S22.35/00.00:177,P00.20:181,,,,,,,,,,,,,,,,,,,,,,
19:39,Faversham,Pass,D1 4-4-0,Gillingham,S19.50/19.51:120,S20.01:125,T20.06:127,,,,,,,,,,,,,,,,,,,,,,
19:40,Gillingham,Pass,EMU,Cannon St,S19.40:127,S19.43/19.47:128,S19.48/19.49:130,T19.50:133,,,,,,,,,,,,,,,,,,,,,
19:42,Orpington,Pass,EMU,Victoria,P19.47:144,S19.49:146,S19.51/19.52:148,S19.54:150,S19.57:152,S19.59:155,S20.01:156,S20.04:157,S20.06:158,S20.08:161,S20.11:163,T20.16:167,,,,,,,,,,,,,
19:42,Sevenoaks,Pass,EMU,Holbourn Viaduct,P20.12:144,S20.14:145,S20.16/20.17:147,S20.20:149,,,,,,,,,,,,,,,,,,,,,
19:45,Ramsgate,XP,Brs 4-6-0,Victoria,S19.45:101,S19.49:103,S19.53:104,S19.59/20.02:106,S20.07:107,S20.12:108,S20.23/20.25:111,S20.31:113,S20.37:114,S20.47/20.50:116,S21.01/21.03:120,S21.16/21.18:126,S21.22/21.29:128,P21.31:130,P21.32:133,P21.45:136,P21.55:141,S22.05/22.07:147,P22.11:152,P22.19:160,P22.20:163,T22.26:167,,,
19:45,Sittingbourne,Pass,2-6-2T,Sheerness,S19.45:120,P19.46:509,P19.47:506,S19.50:512,S20.01:515,T20.07:516,,,,,,,,,,,,,,,,,,,
19:48,Dover,Pass,U1 2-6-0,Faversham,T20.45:117,S19.48:174,S19.54:175,S20.02:176,S20.07:177,S20.10:178,S20.13:179,S20.19:180,S20.24/20.26:181,S20.39:182,,,,,,,,,,,,,,,
19:54,Gillingham,Pass,EMU,Victoria,S19.54:127,S19.57/19.59:128,S20.00/20.01:130,P20.03:133,S20.13:136,S20.15:137,S20.20:301,S20.24:139,S20.33:141,S20.42/20.43:147,P20.47:149,P20.53:160,T20.59:167,,,,,,,,,,,,
19:57,Swanley,parcels,EMU,Holbourn Viaduct,S19.57:141,S20.05:142,S20.14/20.20:148,S20.24/20.40:152,S20.49:155,S20.54:156,T20.59:161,,,,,,,,,,,,,,,,,,
20:00,Dover,Goods,N2-6-0,Hither Green,S22.50/23.50:117,P00.10:300,S00.35/00.55:127,P01.00:129,P01.05:131,T01.08:133,P20.10:174,S20.30/21.00:176,S21.25/22.16:181,,,,,,,,,,,,,,,,
20:00,Gravesend,Goods,C 0-6-0,BLA,S21.58:139,P22.09:141,P22.16:142,T22.19:143,,,,,,,,,,,,,,,,,,,,,
20:02,Orpington,Pass,EMU,Victoria,P20.07:144,S20.09:146,S20.11/20.12:148,S20.14:150,S20.17:152,S20.19:155,S20.21:156,S20.24:157,S20.26:158,S20.28:161,S20.31:163,T20.37:167,,,,,,,,,,,,,
20:02,Sevenoaks,Pass,EMU,Holbourn Viaduct,P20.32:144,S20.34:145,S20.36/20.37:147,T20.40:149,,,,,,,,,,,,,,,,,,,,,
20:04,Orpington,ECS,EMU,Bickley,P20.10:144,T20.12:146,,,,,,,,,,,,,,,,,,,,,,,
20:08,Gillingham,Pass,EMU,Charing Cross,S20.08:127,S20.11/20.13:128,S20.15/20.17:130,T20.18:133,,,,,,,,,,,,,,,,,,,,,
20:18,Orpington,Pass,EMU,Victoria,P20.23:144,S20.29:145,S20.32/20.33:147,S20.35:149,S20.45:157,S20.47:158,S20.50:160,S20.51:163,T20.57:167,,,,,,,,,,,,,,,,
20:22,Fawkham,Goods,N2-6-0,Waddon,S20.22:138,P20.29:139,P20.47:141,P21.05:147,S21.10:152,,,,,,,,,,,,,,,,,,,,
20:27,Gillingham,Pass,EMU,Victoria,S20.27:127,S20.30/20.32:128,S20.34/20.35:130,P20.37:133,S20.47:136,S20.49:137,S20.53:301,S20.58:139,S21.11:141,S21.21/21.22:147,P21.32:160,P21.33:163,T21.39:167,,,,,,,,,,,,
20:40,Ashford,Goods,N1 2-6-0,Hither Green,P23.05:140,P23.15:143,,,,,,,,,,,,,,,,,,,,,,,
20:42,Orpington,Pass,EMU,Victoria,P20.47:144,S20.49:146,S20.51/20.52:148,S20.54:150,S20.57:152,S20.59:155,S21.01:156,S21.04:157,S21.06:158,S21.08:161,S21.11:163,T21.16:167,,,,,,,,,,,,,
20:42,Sevenoaks,Pass,EMU,Holbourn Viaduct,P21.12:144,S21.14:145,S21.16/21.17:147,S21.20:149,,,,,,,,,,,,,,,,,,,,,
20:42,Gillingham,Pass,EMU,Charing Cross,S20.42:127,S20.45/20.47:128,S20.48/20.49:130,T20.50:133,,,,,,,,,,,,,,,,,,,,,
20:51,Sittingbourne,Pass,2-6-2T,Sheerness,S20.51:120,P20.52:509,P20.53:506,S21.56:512,S21.04:515,T21.10:516,,,,,,,,,,,,,,,,,,,
20:54,Gillingham,Pass,EMU,Victoria,S20.54:127,S20.57/20.59:128,S21.00/21.01:130,P21.03:133,S21.13:136,S21.15:137,S21.20:301,S21.24:139,S21.33:141,S21.42/21.43:147,P21.47:149,P21.53:160,P21.54:163,T21.59:167,,,,,,,,,,,
20:55,Chatham,Goods,C 0-6-0,Hoo Junction,S20.55:132,T20.58:133,,,,,,,,,,,,,,,,,,,,,,,
20:59,Gillingham,parcels,EMU,Cannon St,S20.59:127,S21.04/21.19:129,S21.22/21.44:131,P21.46:133,,,,,,,,,,,,,,,,,,,,,
21:02,Orpington,Pass,EMU,Victoria,P21.07:144,S21.09:146,S21.11/21.12:148,S21.14:150,S21.17:152,S21.19:155,S21.21:156,S21.24:157,S21.26:158,S21.28:161,S21.31:163,T21.37:167,,,,,,,,,,,,,
21:02,Sevenoaks,Pass,EMU,Holbourn Viaduct,S21.24:141,S21.29:142,S21.34:145,S21.36/21.37:147,T21.40:149,,,,,,,,,,,,,,,,,,,,
21:10,Ramsgate,Pass,L4-4-0,Charing Cross,S21.10:101,S21.14:103,S21.19:104,S21.25/21.28:106,S21.33:107,S21.38:108,S21.49/21.51:111,S21.57:113,S22.02:114,S22.12/22.15:116,S22.24:118,S22.30/22.33:120,S22.43:125,S22.48/22.49:126,S22.53/23.02:129,S23.04/23.05:131,T23.06:133,,,,,,,,
21:10,Sittingbourne,Pass,2-6-2T,Sheerness,S21.10:120,P21.11:509,P21.12:506,S21.15:512,S21.21:514,S21.25:515,T21.35:516,,,,,,,,,,,,,,,,,,
21:10,Gillingham,Pass,EMU,Charing Cross,S21.10:127,S21.13/21.15:128,S21.16/21.17:130,T21.18:133,,,,,,,,,,,,,,,,,,,,,
21:10,Orpington,ECS,EMU,Bickley,P21.14:144,T21.16:146,,,,,,,,,,,,,,,,,,,,,,,
21:13,Dover,Pass,2-6-4T,Faversham,T22.10:117,S21.13:174,S21.19:175,S21.27:176,S21.32:177,S21.35:178,S21.38:179,S21.44:180,S21.49/21.51:181,S22.04:182,,,,,,,,,,,,,,,
21:15,West Malling,Goods,N1 2-6-0,St Mary Cray,S00.19:141,T00.26:142,,,,,,,,,,,,,,,,,,,,,,,
21:22,Orpington,Pass,EMU,Victoria,P21.27:144,S21.29:146,S21.31/21.32:148,S21.34:150,S21.37:152,S21.39:155,S21.41:156,S21.44:157,S21.46:158,S21.49:161,S21.51:163,T21.56:167,,,,,,,,,,,,,
21:22,Sevenoaks,Pass,EMU,Holbourn Viaduct,S21.44:141,S21.49:142,P21.51:144,S21.54:145,S21.56/21.57:147,T22.00:149,,,,,,,,,,,,,,,,,,,
21:22,deleteme,Pass,EMU,Holbourn Viaduct,T22.22:141,,,,,,,,,,,,,,,,,,,,,,,,
21:35,Dover,Goods,NI5,Hither Green,P03.25:141,P03.27:142,T03.35:143,,,,,,,,,,,,,,,,,,,,,,
21:36,Ashford,Pass,L4-4-0,Margate,S22.41:101,S22.45:103,S22.49:104,T22.55:105,,,,,,,,,,,,,,,,,,,,,
21:40,Faversham,Pass,C 0-6-0,Sheerness,S21.40:116,S21.49:118,S21.55/22.00:120,T22.01:509,,,,,,,,,,,,,,,,,,,,,
21:40,Gillingham,Pass,EMU,Charing Cross,S21.40:127,S21.43/21.46:128,S21.48/21.49:130,T21.50:133,,,,,,,,,,,,,,,,,,,,,
21:42,Orpington,Pass,EMU,Victoria,P14.25:511,P21.47:144,S21.49:146,S21.51/21.52:148,S21.54:150,S21.57:152,S21.59:155,S22.01:156,S22.04:157,S22.06:158,S22.08:161,S22.11:163,T22.16:167,,,,,,,,,,,,
21:42,Queenborough,Goods,C 0-6-0,BLA,P22.02:511,P22.08:124,P22.14:125,S22.22/22.40:127,P22.44:129,P22.46:131,S22.48/23.15:132,T23.20:133,,,,,,,,,,,,,,,,,
21:42,Sevenoaks,Pass,EMU,Holbourn Viaduct,S22.04:141,S22.09:142,S22.14:145,S22.16/22.17:147,T22.20:149,,,,,,,,,,,,,,,,,,,,
21:54,Gillingham,Pass,EMU,Victoria,S21.54:127,S21.57/21.59:128,S22.00/22.01:130,P22.03:133,S22.13:136,S22.15:137,S22.20:301,S22.24:139,S22.33:141,S22.42/22.43:147,P22.47:149,P22.53:160,P22.54:163,T22.59:167,,,,,,,,,,,
21:58,Gillingham,Pass,EMU,Charing Cross,S21.58:127,S22.01/22.03:128,S22.05/22.08:130,T22.09:133,,,,,,,,,,,,,,,,,,,,,
22:00,Orpington,Pass,EMU,Victoria,P22.05:144,S22.09:146,S22.12/22.13:148,S22.15:150,S22.18:152,S22.20:155,S22.22:156,S22.25:157,S22.27:158,S22.30:161,S22.32:163,T22.37:167,,,,,,,,,,,,,
22:02,Sevenoaks,Pass,EMU,Holbourn Viaduct,S22.24:141,S22.29:142,S22.34:145,S22.36/22.37:147,T22.40:149,,,,,,,,,,,,,,,,,,,,
22:20,Orpington,Pass,EMU,Victoria,P22.27:144,S22.29:146,S22.31/22.32:148,S22.34:150,S22.37:152,S22.39:155,S22.41:156,S22.44:157,S22.46:158,S22.49:161,S22.51:163,T22.57:167,,,,,,,,,,,,,
22:25,Sevenoaks,Pass,EMU,Holbourn Viaduct,S22.44:141,S22.49:142,P22.51:144,S22.54:145,S22.56/22.57:147,T23.00:149,,,,,,,,,,,,,,,,,,,
22:35,Faversham,Goods,BR5 4-6-0,Brixton,S22.35:117,P22.50:120,P23.16:126,S23.21/23.35:132,P23.53:136,P00.10:141,P00.15:142,P00.26:145,P00.29:147,P00.35:152,T00.58:161,,,,,,,,,,,,,,
22:40,Sevenoaks,Pass,EMU,Blackfriars,S23.00:140,S23.05:142,S23.10:145,S23.12/23.13:147,T23.15:149,,,,,,,,,,,,,,,,,,,,
22:42,Orpington,Pass,EMU,Victoria,P22.47:144,S22.49:146,S22.51/22.52:148,S22.54:150,S22.57:152,S22.59:155,S23.01:156,S23.04:157,S23.06:158,S23.08:161,S23.11:163,T23.16:167,,,,,,,,,,,,,
22:45,Sittingbourne,Pass,2-6-2T,Sheerness,S22.45:120,P22.46:509,P22.47:506,S22.50:512,S22.57:515,T23.04:516,,,,,,,,,,,,,,,,,,,
22:45,Gillingham,Pass,EMU,S. GRN,S22.45:127,S22.48/22.50:128,S22.51/22.52:130,T22.53:133,,,,,,,,,,,,,,,,,,,,,
22:47,Dover,Pass,U1 2-6-0,Faversham,T23.38:117,S22.47:174,S22.53:175,S23.00:176,S23.05:177,S23.08:178,S23.11:179,S23.19/23.22:181,,,,,,,,,,,,,,,,,
22:54,Gillingham,Pass,EMU,Victoria,S22.54:127,S22.57/22.59:128,S23.00/23.01:130,P23.03:133,S23.13:136,S23.15:137,S23.20:301,S23.24:139,S23.33:141,S23.42/23.43:148,S23.46:150,S23.49:152,S23.51:155,S23.53:156,S23.56:157,S23.59:158,S00.01:161,S00.03:163,T00.09:167,,,,,,
22:55,Orpington,Pass,EMU,Victoria,P23.00:144,S23.02:146,S23.04/23.05:148,S23.07:150,S23.11:152,S23.13:155,S23.15:156,S23.19:157,S23.23:158,S23.24:161,S23.26:163,T23.32:167,,,,,,,,,,,,,
23:02,Canterbury,Pass,2-6-2T,Margate,S23.38:101,S23.42:103,S23.47:104,T23.53:105,,,,,,,,,,,,,,,,,,,,,
23:08,Sevenoaks,Pass,EMU,Holbourn Viaduct,S23.27:141,S23.32:142,S23.37:145,S23.42/23.43:147,T23.45:149,,,,,,,,,,,,,,,,,,,,
23:45,Bromley South,Goods,C 0-6-0,Herne Hill,S23.45:148,P00.53:155,T00.13:161,,,,,,,,,,,,,,,,,,,,,,
23:52,Sittingbourne,Pass,C 0-6-0,Sheerness,S23.52:120,P23.53:509,P23.54:506,S23.57:512,S00.03:514,S00.08:515,T00.13:516,,,,,,,,,,,,,,,,,,
23:55,Gillingham,Goods,C0-6-0,Herne Hill,S23.55:126,S00.06/00.35:132,P00.40:133,P01.10:136,S01.22/01.43:139,P01.57:141,S02.05/02.25:142,P02.35:147,P02.42:152,,,,,,,,,,,,,,,,
